path,label,predicted,probability,correct
Rice_Leaf_Diease/Rice_Leaf_Diease/test/bacterial_leaf_blight/bacterial_leaf_blight (170).jpg,bacterial_leaf_blight,leaf_scald,0.5972184688164073,False
Rice_Leaf_Diease/Rice_Leaf_Diease/test/brown_spot/20231006_165551(0).jpg,brown_spot,healthy,0.5742721646309598,False
Rice_Leaf_Diease/Rice_Leaf_Diease/test/brown_spot/20231006_165551.jpg,brown_spot,healthy,0.5763671596206121,False
Rice_Leaf_Diease/Rice_Leaf_Diease/test/brown_spot/20231006_165616.jpg,brown_spot,healthy,0.5123649050375179,False
Rice_Leaf_Diease/Rice_Leaf_Diease/test/brown_spot/20231006_165801(0).jpg,brown_spot,leaf_blast,0.7988066786452673,False
Rice_Leaf_Diease/Rice_Leaf_Diease/test/brown_spot/20231006_165801.jpg,brown_spot,leaf_blast,0.8055802167894659,False
Rice_Leaf_Diease/Rice_Leaf_Diease/test/brown_spot/brown_spot (104).jpg,brown_spot,leaf_blast,0.9688588662554566,False
Rice_Leaf_Diease/Rice_Leaf_Diease/test/brown_spot/brown_spot (107).jpg,brown_spot,leaf_blast,0.6678730712082689,False
Rice_Leaf_Diease/Rice_Leaf_Diease/test/brown_spot/brown_spot (111).jpg,brown_spot,leaf_blast,0.71936118994603,False
Rice_Leaf_Diease/Rice_Leaf_Diease/test/brown_spot/brown_spot (155).jpg,brown_spot,leaf_blast,0.9300888076468851,False
Rice_Leaf_Diease/Rice_Leaf_Diease/test/brown_spot/brown_spot (158).jpg,brown_spot,leaf_blast,0.8365337379986554,False
Rice_Leaf_Diease/Rice_Leaf_Diease/test/brown_spot/brown_spot (173).jpg,brown_spot,leaf_blast,0.4797717115090015,False
Rice_Leaf_Diease/Rice_Leaf_Diease/test/brown_spot/brown_spot (174).jpg,brown_spot,healthy,0.5138833128701499,False
Rice_Leaf_Diease/Rice_Leaf_Diease/test/brown_spot/brown_spot (175).jpg,brown_spot,leaf_blast,0.49327232091499723,False
Rice_Leaf_Diease/Rice_Leaf_Diease/test/brown_spot/brown_spot (177).jpg,brown_spot,leaf_blast,0.529417797042448,False
Rice_Leaf_Diease/Rice_Leaf_Diease/test/brown_spot/brown_spot (193).jpg,brown_spot,leaf_blast,0.7944714604495648,False
Rice_Leaf_Diease/Rice_Leaf_Diease/test/brown_spot/brown_spot (204).jpg,brown_spot,leaf_blast,0.4572218284412886,False
Rice_Leaf_Diease/Rice_Leaf_Diease/test/brown_spot/brown_spot (215).jpg,brown_spot,leaf_blast,0.8146281111560936,False
Rice_Leaf_Diease/Rice_Leaf_Diease/test/brown_spot/brown_spot (262).jpg,brown_spot,leaf_blast,0.6389356994203941,False
Rice_Leaf_Diease/Rice_Leaf_Diease/test/brown_spot/brown_spot (308).jpg,brown_spot,leaf_blast,0.9457265523122281,False
Rice_Leaf_Diease/Rice_Leaf_Diease/test/brown_spot/brown_spot (64).jpg,brown_spot,leaf_blast,0.9462778727538292,False
Rice_Leaf_Diease/Rice_Leaf_Diease/test/brown_spot/brown_spot (66).jpg,brown_spot,leaf_blast,0.6512462806605014,False
Rice_Leaf_Diease/Rice_Leaf_Diease/test/brown_spot/brown_spot (83).jpg,brown_spot,leaf_blast,0.5792830221915682,False
Rice_Leaf_Diease/Rice_Leaf_Diease/test/brown_spot/brown_spot (85).jpg,brown_spot,leaf_blast,0.5740448327394058,False
Rice_Leaf_Diease/Rice_Leaf_Diease/test/brown_spot/IMG_20231014_171719.jpg,brown_spot,leaf_blast,0.7104586068861573,False
Rice_Leaf_Diease/Rice_Leaf_Diease/test/brown_spot/IMG_20231014_171720.jpg,brown_spot,leaf_blast,0.7415182779053406,False
Rice_Leaf_Diease/Rice_Leaf_Diease/test/brown_spot/IMG_20231014_172133.jpg,brown_spot,sheath_blight,0.8646721309679601,False
Rice_Leaf_Diease/Rice_Leaf_Diease/test/brown_spot/IMG_20231014_172149.jpg,brown_spot,leaf_blast,0.3891325009597935,False
Rice_Leaf_Diease/Rice_Leaf_Diease/test/brown_spot/IMG_20231014_172422.jpg,brown_spot,healthy,0.49556712214982956,False
Rice_Leaf_Diease/Rice_Leaf_Diease/test/brown_spot/IMG_20231014_172423.jpg,brown_spot,leaf_blast,0.5151839622189126,False
Rice_Leaf_Diease/Rice_Leaf_Diease/test/brown_spot/IMG_20231014_173237.jpg,brown_spot,healthy,0.4694081306686237,False
Rice_Leaf_Diease/Rice_Leaf_Diease/test/brown_spot/IMG_20231014_173242.jpg,brown_spot,leaf_blast,0.8889325100768866,False
Rice_Leaf_Diease/Rice_Leaf_Diease/test/brown_spot/IMG_20231014_173243.jpg,brown_spot,leaf_blast,0.5804167545072993,False
Rice_Leaf_Diease/Rice_Leaf_Diease/test/brown_spot/IMG_20231014_173304.jpg,brown_spot,leaf_blast,0.7598065993553496,False
Rice_Leaf_Diease/Rice_Leaf_Diease/test/brown_spot/IMG_20231014_173306.jpg,brown_spot,leaf_blast,0.8043353552455076,False
Rice_Leaf_Diease/Rice_Leaf_Diease/test/brown_spot/IMG_20231018_142945.jpg,brown_spot,leaf_blast,0.7930372850483957,False
Rice_Leaf_Diease/Rice_Leaf_Diease/test/brown_spot/IMG_20231018_142949.jpg,brown_spot,leaf_blast,0.6247002871076371,False
Rice_Leaf_Diease/Rice_Leaf_Diease/test/brown_spot/IMG_20231018_142950.jpg,brown_spot,leaf_blast,0.5848673483200995,False
Rice_Leaf_Diease/Rice_Leaf_Diease/test/brown_spot/IMG_20231018_142951.jpg,brown_spot,leaf_blast,0.5859982189175286,False
Rice_Leaf_Diease/Rice_Leaf_Diease/test/brown_spot/IMG_20231018_142956_1.jpg,brown_spot,leaf_blast,0.41674598618573466,False
Rice_Leaf_Diease/Rice_Leaf_Diease/test/brown_spot/IMG_20231018_143020.jpg,brown_spot,leaf_blast,0.9687645019773123,False
Rice_Leaf_Diease/Rice_Leaf_Diease/test/brown_spot/IMG_20231018_143715.jpg,brown_spot,leaf_blast,0.7509890462083241,False
Rice_Leaf_Diease/Rice_Leaf_Diease/test/brown_spot/IMG_20231018_143932.jpg,brown_spot,leaf_blast,0.5284472227720513,False
Rice_Leaf_Diease/Rice_Leaf_Diease/test/brown_spot/IMG_20231018_144202.jpg,brown_spot,leaf_blast,0.8911298685293472,False
Rice_Leaf_Diease/Rice_Leaf_Diease/test/brown_spot/IMG_20231018_144202_1.jpg,brown_spot,leaf_blast,0.8980883370013808,False
Rice_Leaf_Diease/Rice_Leaf_Diease/test/healthy/healthy (128).jpg,healthy,brown_spot,0.8421336689705993,False
Rice_Leaf_Diease/Rice_Leaf_Diease/test/healthy/healthy (130).jpg,healthy,leaf_blast,0.7796034575805861,False
Rice_Leaf_Diease/Rice_Leaf_Diease/test/healthy/healthy (136).jpg,healthy,leaf_blast,0.9071104087177676,False
Rice_Leaf_Diease/Rice_Leaf_Diease/test/healthy/healthy (154).jpg,healthy,leaf_blast,0.5674127985642682,False
Rice_Leaf_Diease/Rice_Leaf_Diease/test/healthy/healthy (20).jpg,healthy,leaf_blast,0.554098409494213,False
Rice_Leaf_Diease/Rice_Leaf_Diease/test/healthy/healthy (71).jpg,healthy,brown_spot,0.5076007196016241,False
Rice_Leaf_Diease/Rice_Leaf_Diease/test/healthy/healthy (81).jpg,healthy,leaf_blast,0.8199592484490196,False
Rice_Leaf_Diease/Rice_Leaf_Diease/test/healthy/healthy (86).jpg,healthy,leaf_blast,0.5015950468121037,False
Rice_Leaf_Diease/Rice_Leaf_Diease/test/healthy/Healthy_rice_leaf (23).jpg,healthy,leaf_blast,0.4090582977683727,False
Rice_Leaf_Diease/Rice_Leaf_Diease/test/healthy/Healthy_rice_leaf (24).jpg,healthy,leaf_blast,0.35380255955143664,False
Rice_Leaf_Diease/Rice_Leaf_Diease/test/healthy/Healthy_rice_leaf (25).jpg,healthy,leaf_blast,0.644121947305435,False
Rice_Leaf_Diease/Rice_Leaf_Diease/test/healthy/Healthy_rice_leaf (68).jpg,healthy,brown_spot,0.2740066148924231,False
Rice_Leaf_Diease/Rice_Leaf_Diease/test/healthy/Healthy_rice_leaf (71).jpg,healthy,rice_hispa,0.6652205231273509,False
Rice_Leaf_Diease/Rice_Leaf_Diease/test/healthy/Healthy_rice_leaf (89).jpg,healthy,sheath_blight,0.5287279765441629,False
Rice_Leaf_Diease/Rice_Leaf_Diease/test/healthy/more_0b78d381bc9ed32e0ccbd5bccb6c56be47752fa85e7208b9d7c18ffacf24b19f.jpg,healthy,leaf_blast,0.9162569553414506,False
Rice_Leaf_Diease/Rice_Leaf_Diease/test/healthy/more_0e9262359f707fa22012c90c69d0bce20671f6daddab900fd16ebdd3bf0f677a.jpg,healthy,leaf_blast,0.6042116568201513,False
Rice_Leaf_Diease/Rice_Leaf_Diease/test/healthy/more_166c24f5fdffa3dd0c3b29c0acbb03d236c92dedfb4521060a9585851d599e68.jpg,healthy,leaf_blast,0.810940601722058,False
Rice_Leaf_Diease/Rice_Leaf_Diease/test/healthy/more_23e48c3cd51189d26169d4bc5bc26dc5ad4875cf7e93fb2d4cc9925af6b0e688.jpg,healthy,leaf_blast,0.6313168116018356,False
Rice_Leaf_Diease/Rice_Leaf_Diease/test/healthy/more_25623d69f35eeb0fe96977b0ca2c1cd31ffd1be13584ddac7400e1c96bd07286.jpg,healthy,leaf_blast,0.8283728600613809,False
Rice_Leaf_Diease/Rice_Leaf_Diease/test/healthy/more_2f637808ebb03ce8948e5449b00ccad55c906760d2c279fa648da50d825e5ae8.jpg,healthy,leaf_blast,0.6216887451640998,False
Rice_Leaf_Diease/Rice_Leaf_Diease/test/healthy/more_3584c6fdc448e438e780dd8be22e1f7d5875bfcb2219920c0277e7e0742c9412.jpg,healthy,leaf_blast,0.8099706887642396,False
Rice_Leaf_Diease/Rice_Leaf_Diease/test/healthy/more_3be1d855399d2a95edd9147eeb55b6a8c4832e48033fe5d5ccc366a56663515d.jpg,healthy,leaf_blast,0.9965686615037338,False
Rice_Leaf_Diease/Rice_Leaf_Diease/test/healthy/more_3d0eec96d59389659db0348566d6d93099ca8a65fe5a8ad18bf967cbf76b7754.jpg,healthy,leaf_blast,0.7097598980440608,False
Rice_Leaf_Diease/Rice_Leaf_Diease/test/healthy/more_4e4620e9679cecb1a988507c4eb3e68860b6a19ff0451ed723184f2e935dc686.jpg,healthy,leaf_blast,0.9102888238748933,False
Rice_Leaf_Diease/Rice_Leaf_Diease/test/healthy/more_4fd4bea1c4625695de9fb15ccab788fef35e008408b5cc3967c5f6a13ba1588b.jpg,healthy,leaf_blast,0.6118591751271498,False
Rice_Leaf_Diease/Rice_Leaf_Diease/test/healthy/more_5e438dfa0e54be8e2665d19bb01ed947cdc73f3316edda57b4cabef0a0779b43.jpg,healthy,leaf_blast,0.8505151253680164,False
Rice_Leaf_Diease/Rice_Leaf_Diease/test/healthy/more_67d161274cd8253e74518aa1740832ce69eccfaa5ffa23cf2ab7d0fb8277d2e4.jpg,healthy,leaf_blast,0.6896047515364786,False
Rice_Leaf_Diease/Rice_Leaf_Diease/test/healthy/more_6c001652a58ff4277e1d20b42d475de7c14ffd99ccf35f2a1f4509b24b993334.jpg,healthy,leaf_blast,0.5023988603517953,False
Rice_Leaf_Diease/Rice_Leaf_Diease/test/healthy/more_71fc2912e06bdd8f64303ebef7f87e152b785cbc66d7eb1b90f665a965b3c884.jpg,healthy,leaf_blast,0.7205755617349702,False
Rice_Leaf_Diease/Rice_Leaf_Diease/test/healthy/more_750c7ef9be7c0e80e29aea68e778fdef170a06b387c5729bf82665a9c667502b.jpg,healthy,leaf_blast,0.9827979254707168,False
Rice_Leaf_Diease/Rice_Leaf_Diease/test/healthy/more_8149274b8f7fd5e646e5eadd55f85740f0a5cb95e9586e00f1347c3ed89eeb83.jpg,healthy,leaf_blast,0.9079598017833902,False
Rice_Leaf_Diease/Rice_Leaf_Diease/test/healthy/more_81670751dc5a6abe39d775b90b708be6d27b556cf5129e693986dd625a328f6e.jpg,healthy,leaf_blast,0.8262828378065527,False
Rice_Leaf_Diease/Rice_Leaf_Diease/test/healthy/more_81a812862adaba5bbf33156192d678e8e7686ee1be65387830589a7d642702a6.jpg,healthy,leaf_blast,0.5200768218581661,False
Rice_Leaf_Diease/Rice_Leaf_Diease/test/healthy/more_a39763619707b589c80f6603c3809a68ec79ecffa5c35f67b48ecc8490a63162.jpg,healthy,leaf_blast,0.7795015109776452,False
Rice_Leaf_Diease/Rice_Leaf_Diease/test/healthy/more_af0b137e6bfc079ba55109e85aa1f3d349e4bdab3113ba02857b4881570206e7.jpg,healthy,leaf_blast,0.9606203181197814,False
Rice_Leaf_Diease/Rice_Leaf_Diease/test/healthy/more_b44dda2b69697c0c31d04b4c6f0d67fce1920c9c7591861c7edc991865d234c8.jpg,healthy,leaf_blast,0.7498942496969573,False
Rice_Leaf_Diease/Rice_Leaf_Diease/test/healthy/more_b621ba29ac3bd44070ec9a8c7941e16fc76a8b624a5391ac8ec9338de3fdcb9d.jpg,healthy,leaf_blast,0.9504137739925296,False
Rice_Leaf_Diease/Rice_Leaf_Diease/test/healthy/more_b7e7a782e45291de09b1e1f6e5cac5b92e55d90f939ac9d11d53ad2d52d27a99.jpg,healthy,leaf_blast,0.6315331038038768,False
Rice_Leaf_Diease/Rice_Leaf_Diease/test/healthy/more_b95d75e942257eeb91d16ad072d9d5b15614d7f681a5c924e0abfe17378b4509.jpg,healthy,leaf_blast,0.9223182368285225,False
Rice_Leaf_Diease/Rice_Leaf_Diease/test/healthy/more_b9b5ec9f7d117c2d849d56e40a8fa669118f9aaaf2a1efeb6d0f5691ab389d70.jpg,healthy,leaf_blast,0.8662936491696134,False
Rice_Leaf_Diease/Rice_Leaf_Diease/test/healthy/more_b9c846ab25899d5436ecb1ad5fa669c45a61b1e43d3f44a10de874bb5b1db790.jpg,healthy,leaf_blast,0.9444152986792379,False
Rice_Leaf_Diease/Rice_Leaf_Diease/test/healthy/more_c113a309c0b8479e995629bf34cc82ae20d772bba7caaeee251033713c158b1f.jpg,healthy,leaf_blast,0.9376403143594271,False
Rice_Leaf_Diease/Rice_Leaf_Diease/test/healthy/more_c394414f1ec8f8b531ea74e71c5d6b0b3b5487cf8c366d6e5abc75a8c9c810f7.jpg,healthy,leaf_blast,0.6978563820415689,False
Rice_Leaf_Diease/Rice_Leaf_Diease/test/healthy/more_cc5b9f852e600030ea3777e8d2a73c7a03c7d2ec43e352836430cd115b871e0d.jpg,healthy,leaf_blast,0.9195976924755755,False
Rice_Leaf_Diease/Rice_Leaf_Diease/test/healthy/more_cfc7a952d891151e718b4a51cf8c3354822988d912c89476390dd438a1c911b4.jpg,healthy,leaf_blast,0.8550320340029455,False
Rice_Leaf_Diease/Rice_Leaf_Diease/test/healthy/more_e0a641a13dd66c6b7ed211c2787f225138703e3240c4ba9a4175a81ce7173ca5.jpg,healthy,leaf_blast,0.7504460500668181,False
Rice_Leaf_Diease/Rice_Leaf_Diease/test/healthy/more_e57c03f3c4c0141b633330f40709fe877821f76e4e23b86a5108ed313751ba56.jpg,healthy,leaf_blast,0.9594949270531344,False
Rice_Leaf_Diease/Rice_Leaf_Diease/test/healthy/more_e8de188173f8088fad559838f6e4bd9b3fe594e62831d4e4f20693a3f4adae6d.jpg,healthy,leaf_blast,0.8234567910917647,False
Rice_Leaf_Diease/Rice_Leaf_Diease/test/healthy/more_eb2f522e8a283ad8d62d41dcfc8ce47a260df3f10f4bf8ef1fb1685f757faa1e.jpg,healthy,leaf_blast,0.7042034956358817,False
Rice_Leaf_Diease/Rice_Leaf_Diease/test/healthy/more_f0fd4c6a556b737be95a48f85ada1d29fa3ebed1b2c67ca3e72fdd598ccf28c0.jpg,healthy,leaf_blast,0.7252984625084503,False
Rice_Leaf_Diease/Rice_Leaf_Diease/test/healthy/more_f2fe6e9d5dd2d13b9c25b9cc22676fd41ef0650f9f55dd3aa75a8bbf3821f50e.jpg,healthy,leaf_blast,0.41991341769402274,False
Rice_Leaf_Diease/Rice_Leaf_Diease/test/healthy/more_f90c1fb6de1435f91f91935637dd9a78cbbdfdf04a2801552a2555e8878a048a.jpg,healthy,tungro,0.6950116022222682,False
Rice_Leaf_Diease/Rice_Leaf_Diease/test/leaf_blast/20231006_164402.jpg,leaf_blast,rice_hispa,0.5391733676325539,False
Rice_Leaf_Diease/Rice_Leaf_Diease/test/leaf_blast/20231006_164404.jpg,leaf_blast,rice_hispa,0.6287073532822198,False
Rice_Leaf_Diease/Rice_Leaf_Diease/test/leaf_blast/IMG_20231006_163148.jpg,leaf_blast,rice_hispa,0.9087668289129456,False
Rice_Leaf_Diease/Rice_Leaf_Diease/test/leaf_blast/IMG_20231006_165455.jpg,leaf_blast,narrow_brown_spot,0.37959431784493025,False
Rice_Leaf_Diease/Rice_Leaf_Diease/test/leaf_blast/IMG_20231006_165457.jpg,leaf_blast,narrow_brown_spot,0.7588802122305733,False
Rice_Leaf_Diease/Rice_Leaf_Diease/test/leaf_blast/IMG_20231006_165745.jpg,leaf_blast,narrow_brown_spot,0.8349358149296191,False
Rice_Leaf_Diease/Rice_Leaf_Diease/test/leaf_blast/IMG_20231006_170130.jpg,leaf_blast,sheath_blight,0.8196892339870829,False
Rice_Leaf_Diease/Rice_Leaf_Diease/test/leaf_blast/IMG_20231006_172819.jpg,leaf_blast,neck_blast,0.4895830002472624,False
Rice_Leaf_Diease/Rice_Leaf_Diease/test/leaf_blast/IMG_20231006_172820.jpg,leaf_blast,neck_blast,0.5074162774597848,False
Rice_Leaf_Diease/Rice_Leaf_Diease/test/leaf_blast/leaf_blast (103).jpg,leaf_blast,healthy,0.42832828539595197,False
Rice_Leaf_Diease/Rice_Leaf_Diease/test/leaf_blast/leaf_blast (105).jpg,leaf_blast,narrow_brown_spot,0.4550424185075272,False
Rice_Leaf_Diease/Rice_Leaf_Diease/test/leaf_blast/leaf_blast (108).jpg,leaf_blast,healthy,0.789612359969618,False
Rice_Leaf_Diease/Rice_Leaf_Diease/test/leaf_blast/leaf_blast (112).jpg,leaf_blast,healthy,0.9144652951519863,False
Rice_Leaf_Diease/Rice_Leaf_Diease/test/leaf_blast/leaf_blast (120).jpg,leaf_blast,leaf_scald,0.5058074268760223,False
Rice_Leaf_Diease/Rice_Leaf_Diease/test/leaf_blast/leaf_blast (129).jpg,leaf_blast,narrow_brown_spot,0.5858376158248906,False
Rice_Leaf_Diease/Rice_Leaf_Diease/test/leaf_blast/leaf_blast (136).jpg,leaf_blast,narrow_brown_spot,0.7621231520930348,False
Rice_Leaf_Diease/Rice_Leaf_Diease/test/leaf_blast/leaf_blast (138).jpg,leaf_blast,narrow_brown_spot,0.8098193700569456,False
Rice_Leaf_Diease/Rice_Leaf_Diease/test/leaf_blast/leaf_blast (144).jpg,leaf_blast,narrow_brown_spot,0.7122564036933201,False
Rice_Leaf_Diease/Rice_Leaf_Diease/test/leaf_blast/leaf_blast (192).jpg,leaf_blast,brown_spot,0.394352651357404,False
Rice_Leaf_Diease/Rice_Leaf_Diease/test/leaf_blast/leaf_blast (22).jpg,leaf_blast,healthy,0.5434685072810292,False
Rice_Leaf_Diease/Rice_Leaf_Diease/test/leaf_blast/leaf_blast (238).jpg,leaf_blast,brown_spot,0.6874728436776737,False
Rice_Leaf_Diease/Rice_Leaf_Diease/test/leaf_blast/leaf_blast (239).jpg,leaf_blast,brown_spot,0.8041238770817275,False
Rice_Leaf_Diease/Rice_Leaf_Diease/test/leaf_blast/leaf_blast (242).jpg,leaf_blast,brown_spot,0.6922056013629764,False
Rice_Leaf_Diease/Rice_Leaf_Diease/test/leaf_blast/leaf_blast (243).jpg,leaf_blast,healthy,0.7168784971181724,False
Rice_Leaf_Diease/Rice_Leaf_Diease/test/leaf_blast/leaf_blast (252).jpg,leaf_blast,healthy,0.6277790733256707,False
Rice_Leaf_Diease/Rice_Leaf_Diease/test/leaf_blast/leaf_blast (304).jpg,leaf_blast,narrow_brown_spot,0.9582411873947916,False
Rice_Leaf_Diease/Rice_Leaf_Diease/test/leaf_blast/leaf_blast (5).jpg,leaf_blast,healthy,0.6534287884505641,False
Rice_Leaf_Diease/Rice_Leaf_Diease/test/leaf_blast/leaf_blast (50).jpg,leaf_blast,brown_spot,0.5384079304445512,False
Rice_Leaf_Diease/Rice_Leaf_Diease/test/leaf_blast/leaf_blast (55).jpg,leaf_blast,narrow_brown_spot,0.6617630781667093,False
Rice_Leaf_Diease/Rice_Leaf_Diease/test/leaf_blast/leaf_blast (71).jpg,leaf_blast,brown_spot,0.5569790990496767,False
Rice_Leaf_Diease/Rice_Leaf_Diease/test/leaf_blast/leaf_blast (8).jpg,leaf_blast,tungro,0.7817737557236637,False
Rice_Leaf_Diease/Rice_Leaf_Diease/test/leaf_blast/more_0251a762797c19382208dbb0cbbd2bfa91e656a8fb785dde5213955ed92c4576.jpg,leaf_blast,sheath_blight,0.7899168359287232,False
Rice_Leaf_Diease/Rice_Leaf_Diease/test/leaf_blast/more_03601f8b8bf26d7e0859943d1b8fabadb32f84ebc8870e689569343b234cf667.jpg,leaf_blast,healthy,0.6926931123561153,False
Rice_Leaf_Diease/Rice_Leaf_Diease/test/leaf_blast/more_0a8f878e5de5d23407190238c9379b7822f4c92aab4038eb4a0bc3fab9fd9f49.jpg,leaf_blast,healthy,0.9789474383772742,False
Rice_Leaf_Diease/Rice_Leaf_Diease/test/leaf_blast/more_0b51a6186508e63f9b3f3dafea0be6058c6c8435f9b30be3ae1f856741437e5d.jpg,leaf_blast,brown_spot,0.6856310427044426,False
Rice_Leaf_Diease/Rice_Leaf_Diease/test/leaf_blast/more_0c0ad0162fab1159d8966e66d767f5071c2e226d0b39a3f29129410f8dddeb55.jpg,leaf_blast,healthy,0.586006833517851,False
Rice_Leaf_Diease/Rice_Leaf_Diease/test/leaf_blast/more_0f6b36494b77838feab61b8e08d975a9c708a8e51853e41aaf09caeb699060b5.jpg,leaf_blast,healthy,0.7717884158617919,False
Rice_Leaf_Diease/Rice_Leaf_Diease/test/leaf_blast/more_15625a5a28e7373f249f77436431daaa1e7f2ae3a4c4d9475f6b8297586e8876.jpg,leaf_blast,healthy,0.982444801256068,False
Rice_Leaf_Diease/Rice_Leaf_Diease/test/leaf_blast/more_24f7711040ccb725235b3093b203ea5759f111136ae7238f9c51c123134c309c.jpg,leaf_blast,healthy,0.5925521227059877,False
Rice_Leaf_Diease/Rice_Leaf_Diease/test/leaf_blast/more_2868c371fe1790c08dccb1e94d29b536934ab86b10bd6b2655751d4cc3b675d3.jpg,leaf_blast,healthy,0.8076393308258843,False
Rice_Leaf_Diease/Rice_Leaf_Diease/test/leaf_blast/more_2ecfad81c3f53aebe74b2622f2719f391cac78fe66c80214cd214d4d34a9599f.jpg,leaf_blast,healthy,0.710883209019979,False
Rice_Leaf_Diease/Rice_Leaf_Diease/test/leaf_blast/more_30c8ade4b998163f8efd26111656cbbc2efc2b44e159384abf9e7f2dcce20c22.jpg,leaf_blast,sheath_blight,0.6302311683964826,False
Rice_Leaf_Diease/Rice_Leaf_Diease/test/leaf_blast/more_32cf93ef5fe5af68ef4d9196533ddaeda8dbcee450f3b486de1aa218cca2b701.jpg,leaf_blast,leaf_scald,0.7628838784588461,False
Rice_Leaf_Diease/Rice_Leaf_Diease/test/leaf_blast/more_39f3cea2bcadfd0c9c33f5e6ee829b12e2bdc9811b9756233eddf132f6612af2.jpg,leaf_blast,sheath_blight,0.5162516614623446,False
Rice_Leaf_Diease/Rice_Leaf_Diease/test/leaf_blast/more_3b9bebfaceaa0d551f89b7024015576483d25061974586ef9eacdb2e67985a53.jpg,leaf_blast,tungro,0.9918994120492809,False
Rice_Leaf_Diease/Rice_Leaf_Diease/test/leaf_blast/more_4570423957f6ce4204deb88ecfaf127a2a66c37d8dff07ec867583ebf6a43b05.jpg,leaf_blast,healthy,0.8046470603653777,False
Rice_Leaf_Diease/Rice_Leaf_Diease/test/leaf_blast/more_51a8ec56d61aa8adcac9c62f89db369d3b68500a2d7e5e43e40651671719ff6c.jpg,leaf_blast,healthy,0.7802656034315538,False
Rice_Leaf_Diease/Rice_Leaf_Diease/test/leaf_blast/more_53bdbbabf2410c8783e5cc31a6994872f3e3e07918d9696659b9abf2c3c1c765.jpg,leaf_blast,healthy,0.8882483687754914,False
Rice_Leaf_Diease/Rice_Leaf_Diease/test/leaf_blast/more_56d0d184a4d420098c9ba634b6ef8863395edc865a0e1ac73b4ec379f76b05a5.jpg,leaf_blast,healthy,0.935374778990776,False
Rice_Leaf_Diease/Rice_Leaf_Diease/test/leaf_blast/more_5d290ffb5051faca42d0782bf9ee763cf9ab6baeb611418fa6b83740ecf970a5.jpg,leaf_blast,healthy,0.885133405009455,False
Rice_Leaf_Diease/Rice_Leaf_Diease/test/leaf_blast/more_661ea799fd063be06a69fca8c23e305c0d23fa291e4e4ea2efe383e47c6d03cf.jpg,leaf_blast,neck_blast,0.25661219091715837,False
Rice_Leaf_Diease/Rice_Leaf_Diease/test/leaf_blast/more_6be9b70a2f5f61a926f59361db9a2a4be9de6417dc24e0462de26c840284d2cd.jpg,leaf_blast,healthy,0.341401517652699,False
Rice_Leaf_Diease/Rice_Leaf_Diease/test/leaf_blast/more_78010c6d7d37919e4fd28e0a65a267a2adf92ae62b6791430a99364bc6216f1c.jpg,leaf_blast,healthy,0.6725495890302652,False
Rice_Leaf_Diease/Rice_Leaf_Diease/test/leaf_blast/more_7d98c6a56efac4ec8971a0cd75ee69e909a87d0fcc05719661574923a39bf693.jpg,leaf_blast,healthy,0.6611134263582533,False
Rice_Leaf_Diease/Rice_Leaf_Diease/test/leaf_blast/more_84e1b1177230c1f5d80daea6669379252075aaa2059104db5127e4e5fa3a0e1f.jpg,leaf_blast,brown_spot,0.5590062291976806,False
Rice_Leaf_Diease/Rice_Leaf_Diease/test/leaf_blast/more_8a449ffc6397f5c7df48fdadbfda7a474b4f63799c3428b651dd967a1711bb94.jpg,leaf_blast,healthy,0.8771503143083116,False
Rice_Leaf_Diease/Rice_Leaf_Diease/test/leaf_blast/more_8aa49264d0d7e6628923ac4c27576bc68f16b3f32eb444b12714774c4f4d34fa.jpg,leaf_blast,healthy,0.8888772456487388,False
Rice_Leaf_Diease/Rice_Leaf_Diease/test/leaf_blast/more_8d9a2a2e134e1353df3dca414f5506c1141f86ec31a9c517e8468db00a4015cd.jpg,leaf_blast,healthy,0.8025843016933506,False
Rice_Leaf_Diease/Rice_Leaf_Diease/test/leaf_blast/more_8f045c0bce30f5b34aa613b2507fffb06b21347bf28a5137e97d9a953b291c8f.jpg,leaf_blast,healthy,0.9867635281713759,False
Rice_Leaf_Diease/Rice_Leaf_Diease/test/leaf_blast/more_9a8d747a16d1d4d9bb2da4668c31cdf2d2440eb494795ca42f91259d543e3bce.jpg,leaf_blast,healthy,0.7380568479181682,False
Rice_Leaf_Diease/Rice_Leaf_Diease/test/leaf_blast/more_9be95a6e74147e454fc325575c2d98a931080ba2534ff9d92127bd14f6b34bd8.jpg,leaf_blast,brown_spot,0.9749509597562642,False
Rice_Leaf_Diease/Rice_Leaf_Diease/test/leaf_blast/more_a0b318e7e3cd939f22061c91e0235d5b91d42aaf893a91cf179ca9b42845e98d.jpg,leaf_blast,brown_spot,0.5892008048819501,False
Rice_Leaf_Diease/Rice_Leaf_Diease/test/leaf_blast/more_a8d3b55bd2668a2449745c4c45add7b75b645c9b6d5c402441e5081d54c6025d.jpg,leaf_blast,healthy,0.8898602235153207,False
Rice_Leaf_Diease/Rice_Leaf_Diease/test/leaf_blast/more_aa22d4585c76611639d600805c821267a9e8a5c1769dea19bc30f7ea9a673e68.jpg,leaf_blast,healthy,0.704743604946608,False
Rice_Leaf_Diease/Rice_Leaf_Diease/test/leaf_blast/more_afd766af1ce77b329bc25f448e2a7d2df025d2c3a82423042d04abb08c222aff.jpg,leaf_blast,healthy,0.9675193358814347,False
Rice_Leaf_Diease/Rice_Leaf_Diease/test/leaf_blast/more_b1f32189af5df33be2bae008691ecbe54182c63eef2ca13c1375699afa0abc10.jpg,leaf_blast,healthy,0.572061338870961,False
Rice_Leaf_Diease/Rice_Leaf_Diease/test/leaf_blast/more_cd8a4b0d708d08d89e8bec0e6754b449c5b9a7a788a03e74d86fec92b53af8e4.jpg,leaf_blast,healthy,0.8901625539630283,False
Rice_Leaf_Diease/Rice_Leaf_Diease/test/leaf_blast/more_cee74a2c02afa359441524774935b976f245d2f58806a61eb27005780a0032ee.jpg,leaf_blast,healthy,0.9188264768000435,False
Rice_Leaf_Diease/Rice_Leaf_Diease/test/leaf_blast/more_d38451df90fd5c51f1972d33efcd47d94a19bab88456a158bbbfd7f29b427221.jpg,leaf_blast,healthy,0.7832855159527478,False
Rice_Leaf_Diease/Rice_Leaf_Diease/test/leaf_blast/more_de540d57fd80e71c574505db77a22404d02edfb475816314cd7bfff7a879de79.jpg,leaf_blast,healthy,0.9146835981292344,False
Rice_Leaf_Diease/Rice_Leaf_Diease/test/leaf_blast/more_dfd814020ac682823f110e97b22eee90cde16dec0fbb9a3cc75f5fd4a01e3583.jpg,leaf_blast,healthy,0.5647302751038202,False
Rice_Leaf_Diease/Rice_Leaf_Diease/test/leaf_blast/more_e3d866b17bd470a5d6550e0e71b8bb8b31517076f47d74e38caabfe8f3b7f0ec.jpg,leaf_blast,healthy,0.8409175578722853,False
Rice_Leaf_Diease/Rice_Leaf_Diease/test/leaf_blast/more_e7d210effbdfe5ec5394dfc02d1e5ce2d06c02fc98d747610e0aed6f4e34e7b7.jpg,leaf_blast,tungro,0.7928563326633221,False
Rice_Leaf_Diease/Rice_Leaf_Diease/test/leaf_blast/more_e9c6ac5a588dbb87a6cc63d528582617824ce2d4a9bb411664ebed68d69569d3.jpg,leaf_blast,healthy,0.9732188902133891,False
Rice_Leaf_Diease/Rice_Leaf_Diease/test/leaf_blast/more_f04c13d3af685854cdf7fdeb55dfe9386b267ba487450ab65eabed1a0efb9ffe.jpg,leaf_blast,healthy,0.5478409748574969,False
Rice_Leaf_Diease/Rice_Leaf_Diease/test/leaf_blast/more_f87ec51a5e03d8f7f5d2399ea9cf15f434ffb9cfefda1264b294458664a06b8a.jpg,leaf_blast,healthy,0.5382385381625101,False
Rice_Leaf_Diease/Rice_Leaf_Diease/test/leaf_blast/more_fa2d92f58c4616237caa4a403d627cb56627eb34877438e0fbd9b355ca357483.jpg,leaf_blast,healthy,0.7370447954254896,False
Rice_Leaf_Diease/Rice_Leaf_Diease/test/leaf_scald/IMG_20231006_163628.jpg,leaf_scald,leaf_blast,0.3882425960999063,False
Rice_Leaf_Diease/Rice_Leaf_Diease/test/leaf_scald/IMG_20231006_163824.jpg,leaf_scald,sheath_blight,0.3819976381253535,False
Rice_Leaf_Diease/Rice_Leaf_Diease/test/leaf_scald/IMG_20231014_170701.jpg,leaf_scald,leaf_blast,0.7384637619156483,False
Rice_Leaf_Diease/Rice_Leaf_Diease/test/leaf_scald/IMG_20231014_171135.jpg,leaf_scald,leaf_blast,0.395459260840761,False
Rice_Leaf_Diease/Rice_Leaf_Diease/test/leaf_scald/IMG_20231014_171201.jpg,leaf_scald,healthy,0.6664787326284989,False
Rice_Leaf_Diease/Rice_Leaf_Diease/test/leaf_scald/IMG_20231014_171206.jpg,leaf_scald,sheath_blight,0.2762479942318864,False
Rice_Leaf_Diease/Rice_Leaf_Diease/test/leaf_scald/IMG_20231014_171232.jpg,leaf_scald,sheath_blight,0.6329027042181181,False
Rice_Leaf_Diease/Rice_Leaf_Diease/test/leaf_scald/IMG_20231014_171604.jpg,leaf_scald,leaf_blast,0.7743569985900003,False
Rice_Leaf_Diease/Rice_Leaf_Diease/test/leaf_scald/IMG_20231014_171610.jpg,leaf_scald,leaf_blast,0.6426037992232363,False
Rice_Leaf_Diease/Rice_Leaf_Diease/test/leaf_scald/IMG_20231014_171937.jpg,leaf_scald,rice_hispa,0.7687303474657812,False
Rice_Leaf_Diease/Rice_Leaf_Diease/test/leaf_scald/IMG_20231014_171939.jpg,leaf_scald,rice_hispa,0.7531263958666162,False
Rice_Leaf_Diease/Rice_Leaf_Diease/test/leaf_scald/IMG_20231014_172155.jpg,leaf_scald,leaf_blast,0.9592270406373542,False
Rice_Leaf_Diease/Rice_Leaf_Diease/test/leaf_scald/IMG_20231014_172242.jpg,leaf_scald,leaf_blast,0.9571638277507215,False
Rice_Leaf_Diease/Rice_Leaf_Diease/test/leaf_scald/IMG_20231014_172746.jpg,leaf_scald,leaf_blast,0.6067946632388764,False
Rice_Leaf_Diease/Rice_Leaf_Diease/test/leaf_scald/IMG_20231014_173207.jpg,leaf_scald,leaf_blast,0.5649423478577066,False
Rice_Leaf_Diease/Rice_Leaf_Diease/test/leaf_scald/IMG_20231014_173224.jpg,leaf_scald,leaf_blast,0.31316573686302396,False
Rice_Leaf_Diease/Rice_Leaf_Diease/test/leaf_scald/IMG_20231014_173225.jpg,leaf_scald,leaf_blast,0.35934007500081894,False
Rice_Leaf_Diease/Rice_Leaf_Diease/test/leaf_scald/IMG_20231014_173420.jpg,leaf_scald,rice_hispa,0.6438861995423067,False
Rice_Leaf_Diease/Rice_Leaf_Diease/test/leaf_scald/IMG_20231014_173420_1.jpg,leaf_scald,rice_hispa,0.5223870148615662,False
Rice_Leaf_Diease/Rice_Leaf_Diease/test/leaf_scald/IMG_20231014_173433.jpg,leaf_scald,sheath_blight,0.46784610379612207,False
Rice_Leaf_Diease/Rice_Leaf_Diease/test/leaf_scald/IMG_20231014_173433_1.jpg,leaf_scald,sheath_blight,0.43133950158111706,False
Rice_Leaf_Diease/Rice_Leaf_Diease/test/leaf_scald/IMG_20231014_173438.jpg,leaf_scald,leaf_blast,0.6830976067214295,False
Rice_Leaf_Diease/Rice_Leaf_Diease/test/leaf_scald/IMG_20231014_173456.jpg,leaf_scald,sheath_blight,0.7368742348812671,False
Rice_Leaf_Diease/Rice_Leaf_Diease/test/leaf_scald/IMG_20231014_173506.jpg,leaf_scald,sheath_blight,0.7504010475704138,False
Rice_Leaf_Diease/Rice_Leaf_Diease/test/leaf_scald/IMG_20231018_144316.jpg,leaf_scald,leaf_blast,0.9527403243261457,False
Rice_Leaf_Diease/Rice_Leaf_Diease/test/leaf_scald/IMG_20231018_144317.jpg,leaf_scald,leaf_blast,0.9675220851362646,False
Rice_Leaf_Diease/Rice_Leaf_Diease/test/leaf_scald/IMG_20231018_144317_1.jpg,leaf_scald,leaf_blast,0.960929302406611,False
Rice_Leaf_Diease/Rice_Leaf_Diease/test/leaf_scald/IMG_20231018_144318.jpg,leaf_scald,leaf_blast,0.9516469941407145,False
Rice_Leaf_Diease/Rice_Leaf_Diease/test/narrow_brown_spot/IMG_20231006_163942.jpg,narrow_brown_spot,sheath_blight,0.6633250684347238,False
Rice_Leaf_Diease/Rice_Leaf_Diease/test/narrow_brown_spot/IMG_20231014_170800.jpg,narrow_brown_spot,leaf_blast,0.5780564317452506,False
Rice_Leaf_Diease/Rice_Leaf_Diease/test/narrow_brown_spot/IMG_20231014_172111.jpg,narrow_brown_spot,brown_spot,0.42277785540211166,False
Rice_Leaf_Diease/Rice_Leaf_Diease/test/narrow_brown_spot/IMG_20231014_172412.jpg,narrow_brown_spot,leaf_blast,0.953614090084114,False
Rice_Leaf_Diease/Rice_Leaf_Diease/test/narrow_brown_spot/IMG_20231014_172413.jpg,narrow_brown_spot,leaf_blast,0.9330718433077921,False
Rice_Leaf_Diease/Rice_Leaf_Diease/test/narrow_brown_spot/IMG_20231014_173019.jpg,narrow_brown_spot,sheath_blight,0.7226205652646667,False
Rice_Leaf_Diease/Rice_Leaf_Diease/test/narrow_brown_spot/IMG_20231014_173024.jpg,narrow_brown_spot,leaf_blast,0.7285791784944117,False
Rice_Leaf_Diease/Rice_Leaf_Diease/test/narrow_brown_spot/IMG_20231014_173051.jpg,narrow_brown_spot,leaf_blast,0.7161553711724679,False
Rice_Leaf_Diease/Rice_Leaf_Diease/test/narrow_brown_spot/IMG_20231014_173053.jpg,narrow_brown_spot,leaf_blast,0.6290557791899145,False
Rice_Leaf_Diease/Rice_Leaf_Diease/test/narrow_brown_spot/IMG_20231014_173100_1.jpg,narrow_brown_spot,leaf_blast,0.48173388141905354,False
Rice_Leaf_Diease/Rice_Leaf_Diease/test/narrow_brown_spot/IMG_20231014_173101.jpg,narrow_brown_spot,leaf_blast,0.48123027584198774,False
Rice_Leaf_Diease/Rice_Leaf_Diease/test/narrow_brown_spot/IMG_20231018_143412.jpg,narrow_brown_spot,leaf_blast,0.9022305870397213,False
Rice_Leaf_Diease/Rice_Leaf_Diease/test/narrow_brown_spot/IMG_20231018_143414.jpg,narrow_brown_spot,leaf_blast,0.8426939525606756,False
Rice_Leaf_Diease/Rice_Leaf_Diease/test/narrow_brown_spot/IMG_20231018_143439.jpg,narrow_brown_spot,leaf_blast,0.7412301034192952,False
Rice_Leaf_Diease/Rice_Leaf_Diease/test/narrow_brown_spot/IMG_20231018_143440.jpg,narrow_brown_spot,leaf_blast,0.7417995914883184,False
Rice_Leaf_Diease/Rice_Leaf_Diease/test/narrow_brown_spot/IMG_20231018_143445.jpg,narrow_brown_spot,leaf_blast,0.8414522006932795,False
Rice_Leaf_Diease/Rice_Leaf_Diease/test/narrow_brown_spot/IMG_20231018_143448.jpg,narrow_brown_spot,leaf_blast,0.9792622179484113,False
Rice_Leaf_Diease/Rice_Leaf_Diease/test/narrow_brown_spot/IMG_20231018_144020.jpg,narrow_brown_spot,leaf_blast,0.9064177041035995,False
Rice_Leaf_Diease/Rice_Leaf_Diease/test/narrow_brown_spot/IMG_20231018_144021.jpg,narrow_brown_spot,leaf_blast,0.941821712057097,False
Rice_Leaf_Diease/Rice_Leaf_Diease/test/narrow_brown_spot/narrow_brown (156).jpg,narrow_brown_spot,brown_spot,0.5962766378562412,False
Rice_Leaf_Diease/Rice_Leaf_Diease/test/narrow_brown_spot/narrow_brown (168).jpg,narrow_brown_spot,leaf_scald,0.6851058755139598,False
Rice_Leaf_Diease/Rice_Leaf_Diease/test/narrow_brown_spot/narrow_brown (169).jpg,narrow_brown_spot,leaf_scald,0.4697402725892543,False
Rice_Leaf_Diease/Rice_Leaf_Diease/test/narrow_brown_spot/narrow_brown (210).jpg,narrow_brown_spot,brown_spot,0.5523233966510407,False
Rice_Leaf_Diease/Rice_Leaf_Diease/test/narrow_brown_spot/narrow_brown (287).jpg,narrow_brown_spot,brown_spot,0.6868526208875249,False
Rice_Leaf_Diease/Rice_Leaf_Diease/test/narrow_brown_spot/narrow_brown (68).jpg,narrow_brown_spot,leaf_scald,0.5833340154258209,False
Rice_Leaf_Diease/Rice_Leaf_Diease/test/narrow_brown_spot/Narrow_brown_leaf_spot (18).jpg,narrow_brown_spot,sheath_blight,0.8885193767441244,False
Rice_Leaf_Diease/Rice_Leaf_Diease/test/narrow_brown_spot/Narrow_brown_leaf_spot (30).jpg,narrow_brown_spot,leaf_blast,0.6160553629575921,False
Rice_Leaf_Diease/Rice_Leaf_Diease/test/narrow_brown_spot/Narrow_brown_leaf_spot (42).jpg,narrow_brown_spot,leaf_blast,0.7577551182144602,False
Rice_Leaf_Diease/Rice_Leaf_Diease/test/narrow_brown_spot/Narrow_brown_leaf_spot (54).jpg,narrow_brown_spot,leaf_blast,0.9214287162322632,False
Rice_Leaf_Diease/Rice_Leaf_Diease/test/narrow_brown_spot/Narrow_brown_leaf_spot (66).jpg,narrow_brown_spot,sheath_blight,0.5853408370131151,False
Rice_Leaf_Diease/Rice_Leaf_Diease/test/narrow_brown_spot/Narrow_brown_leaf_spot (78).jpg,narrow_brown_spot,sheath_blight,0.340191431591802,False
Rice_Leaf_Diease/Rice_Leaf_Diease/test/narrow_brown_spot/Narrow_brown_leaf_spot (82).jpg,narrow_brown_spot,leaf_blast,0.4812086271873317,False
Rice_Leaf_Diease/Rice_Leaf_Diease/test/narrow_brown_spot/Narrow_brown_leaf_spot (84).jpg,narrow_brown_spot,leaf_blast,0.46450908046297146,False
Rice_Leaf_Diease/Rice_Leaf_Diease/test/narrow_brown_spot/Narrow_brown_leaf_spot (85).jpg,narrow_brown_spot,leaf_blast,0.526747940589761,False
Rice_Leaf_Diease/Rice_Leaf_Diease/test/narrow_brown_spot/Narrow_brown_leaf_spot (86).jpg,narrow_brown_spot,leaf_blast,0.32877950634738845,False
Rice_Leaf_Diease/Rice_Leaf_Diease/test/narrow_brown_spot/Narrow_brown_leaf_spot (87).jpg,narrow_brown_spot,leaf_blast,0.44694216772156103,False
Rice_Leaf_Diease/Rice_Leaf_Diease/test/narrow_brown_spot/Narrow_brown_leaf_spot (88).jpg,narrow_brown_spot,leaf_blast,0.5662625737764929,False
Rice_Leaf_Diease/Rice_Leaf_Diease/test/narrow_brown_spot/Narrow_brown_leaf_spot (90).jpg,narrow_brown_spot,leaf_blast,0.9730111905835341,False
Rice_Leaf_Diease/Rice_Leaf_Diease/test/narrow_brown_spot/Narrow_brown_leaf_spot (91).jpg,narrow_brown_spot,leaf_blast,0.9738231035061246,False
Rice_Leaf_Diease/Rice_Leaf_Diease/test/Neck_Blast/IMG20201109210600_00.jpg,neck_blast,leaf_blast,0.2880487392301907,False
Rice_Leaf_Diease/Rice_Leaf_Diease/test/Neck_Blast/IMG20201109212956_00.jpg,neck_blast,leaf_blast,0.4975524805588368,False
Rice_Leaf_Diease/Rice_Leaf_Diease/test/Neck_Blast/IMG20201109213001_00.jpg,neck_blast,leaf_blast,0.5298832270500167,False
Rice_Leaf_Diease/Rice_Leaf_Diease/test/Neck_Blast/IMG20201109213012_00.jpg,neck_blast,leaf_blast,0.5485531519577553,False
Rice_Leaf_Diease/Rice_Leaf_Diease/test/Rice Hispa/20231006_165233.jpg,rice_hispa,healthy,0.8556044126373595,False
Rice_Leaf_Diease/Rice_Leaf_Diease/test/Rice Hispa/IMG_20231006_164128.jpg,rice_hispa,sheath_blight,0.7975007890737873,False
Rice_Leaf_Diease/Rice_Leaf_Diease/test/Rice Hispa/IMG_20231006_164130.jpg,rice_hispa,sheath_blight,0.8208253551423453,False
Rice_Leaf_Diease/Rice_Leaf_Diease/test/Rice Hispa/IMG_20231014_172702.jpg,rice_hispa,leaf_blast,0.9431301234100207,False
Rice_Leaf_Diease/Rice_Leaf_Diease/test/Rice Hispa/IMG_20231014_173353.jpg,rice_hispa,sheath_blight,0.5430209207334386,False
Rice_Leaf_Diease/Rice_Leaf_Diease/test/Rice Hispa/IMG_20231014_173356.jpg,rice_hispa,sheath_blight,0.5136900249800777,False
Rice_Leaf_Diease/Rice_Leaf_Diease/test/Rice Hispa/IMG_20231014_173358.jpg,rice_hispa,sheath_blight,0.33973868103898475,False
Rice_Leaf_Diease/Rice_Leaf_Diease/test/Rice Hispa/IMG_20231014_173358_1.jpg,rice_hispa,sheath_blight,0.45737668169440604,False
Rice_Leaf_Diease/Rice_Leaf_Diease/test/Rice Hispa/IMG_20231014_173359.jpg,rice_hispa,sheath_blight,0.7337224982375571,False
Rice_Leaf_Diease/Rice_Leaf_Diease/test/Rice Hispa/Rice_Hispa (1).jpg,rice_hispa,sheath_blight,0.92206914917658,False
Rice_Leaf_Diease/Rice_Leaf_Diease/test/Rice Hispa/Rice_Hispa (10).jpg,rice_hispa,healthy,0.6163593462397838,False
Rice_Leaf_Diease/Rice_Leaf_Diease/test/Rice Hispa/Rice_Hispa (106).jpg,rice_hispa,healthy,0.9178485441434092,False
Rice_Leaf_Diease/Rice_Leaf_Diease/test/Rice Hispa/Rice_Hispa (107).jpg,rice_hispa,healthy,0.92713666085194,False
Rice_Leaf_Diease/Rice_Leaf_Diease/test/Rice Hispa/Rice_Hispa (11).jpg,rice_hispa,healthy,0.49682984950753034,False
Rice_Leaf_Diease/Rice_Leaf_Diease/test/Rice Hispa/Rice_Hispa (12).jpg,rice_hispa,sheath_blight,0.8486490471798057,False
Rice_Leaf_Diease/Rice_Leaf_Diease/test/Rice Hispa/Rice_Hispa (124).jpg,rice_hispa,leaf_blast,0.5232324062580916,False
Rice_Leaf_Diease/Rice_Leaf_Diease/test/Rice Hispa/Rice_Hispa (125).jpg,rice_hispa,leaf_blast,0.4697682307404592,False
Rice_Leaf_Diease/Rice_Leaf_Diease/test/Rice Hispa/Rice_Hispa (127).jpg,rice_hispa,healthy,0.9573549972723944,False
Rice_Leaf_Diease/Rice_Leaf_Diease/test/Rice Hispa/Rice_Hispa (128).jpg,rice_hispa,healthy,0.9699642128715287,False
Rice_Leaf_Diease/Rice_Leaf_Diease/test/Rice Hispa/Rice_Hispa (129).jpg,rice_hispa,healthy,0.9503122763996817,False
Rice_Leaf_Diease/Rice_Leaf_Diease/test/Rice Hispa/Rice_Hispa (13).jpg,rice_hispa,sheath_blight,0.8570680581899986,False
Rice_Leaf_Diease/Rice_Leaf_Diease/test/Rice Hispa/Rice_Hispa (130).jpg,rice_hispa,healthy,0.8628168787436911,False
Rice_Leaf_Diease/Rice_Leaf_Diease/test/Rice Hispa/Rice_Hispa (133).jpg,rice_hispa,healthy,0.7224307504431892,False
Rice_Leaf_Diease/Rice_Leaf_Diease/test/Rice Hispa/Rice_Hispa (14).jpg,rice_hispa,sheath_blight,0.8043756507070213,False
Rice_Leaf_Diease/Rice_Leaf_Diease/test/Rice Hispa/Rice_Hispa (145).jpg,rice_hispa,healthy,0.6840327279294257,False
Rice_Leaf_Diease/Rice_Leaf_Diease/test/Rice Hispa/Rice_Hispa (146).jpg,rice_hispa,healthy,0.7336908929322777,False
Rice_Leaf_Diease/Rice_Leaf_Diease/test/Rice Hispa/Rice_Hispa (15).jpg,rice_hispa,sheath_blight,0.7835366679196617,False
Rice_Leaf_Diease/Rice_Leaf_Diease/test/Rice Hispa/Rice_Hispa (151).jpg,rice_hispa,healthy,0.8997417967761995,False
Rice_Leaf_Diease/Rice_Leaf_Diease/test/Rice Hispa/Rice_Hispa (152).jpg,rice_hispa,sheath_blight,0.6074349759384984,False
Rice_Leaf_Diease/Rice_Leaf_Diease/test/Rice Hispa/Rice_Hispa (157).jpg,rice_hispa,sheath_blight,0.5229481195218831,False
Rice_Leaf_Diease/Rice_Leaf_Diease/test/Rice Hispa/Rice_Hispa (16).jpg,rice_hispa,sheath_blight,0.8687526989409542,False
Rice_Leaf_Diease/Rice_Leaf_Diease/test/Rice Hispa/Rice_Hispa (166).jpg,rice_hispa,healthy,0.8284671333077651,False
Rice_Leaf_Diease/Rice_Leaf_Diease/test/Rice Hispa/Rice_Hispa (168).jpg,rice_hispa,healthy,0.5083077867553838,False
Rice_Leaf_Diease/Rice_Leaf_Diease/test/Rice Hispa/Rice_Hispa (169).jpg,rice_hispa,healthy,0.8651531799614828,False
Rice_Leaf_Diease/Rice_Leaf_Diease/test/Rice Hispa/Rice_Hispa (17).jpg,rice_hispa,sheath_blight,0.8328028969579135,False
Rice_Leaf_Diease/Rice_Leaf_Diease/test/Rice Hispa/Rice_Hispa (170).jpg,rice_hispa,healthy,0.8594820105350022,False
Rice_Leaf_Diease/Rice_Leaf_Diease/test/Rice Hispa/Rice_Hispa (171).jpg,rice_hispa,healthy,0.8828889755765307,False
Rice_Leaf_Diease/Rice_Leaf_Diease/test/Rice Hispa/Rice_Hispa (172).jpg,rice_hispa,healthy,0.962681827015286,False
Rice_Leaf_Diease/Rice_Leaf_Diease/test/Rice Hispa/Rice_Hispa (173).jpg,rice_hispa,healthy,0.933652932659749,False
Rice_Leaf_Diease/Rice_Leaf_Diease/test/Rice Hispa/Rice_Hispa (174).jpg,rice_hispa,leaf_blast,0.5976074125318735,False
Rice_Leaf_Diease/Rice_Leaf_Diease/test/Rice Hispa/Rice_Hispa (18).jpg,rice_hispa,sheath_blight,0.8660359587617417,False
Rice_Leaf_Diease/Rice_Leaf_Diease/test/Rice Hispa/Rice_Hispa (180).jpg,rice_hispa,healthy,0.621058580282216,False
Rice_Leaf_Diease/Rice_Leaf_Diease/test/Rice Hispa/Rice_Hispa (181).jpg,rice_hispa,healthy,0.4919069030343756,False
Rice_Leaf_Diease/Rice_Leaf_Diease/test/Rice Hispa/Rice_Hispa (182).jpg,rice_hispa,leaf_blast,0.7996736551206771,False
Rice_Leaf_Diease/Rice_Leaf_Diease/test/Rice Hispa/Rice_Hispa (183).jpg,rice_hispa,leaf_blast,0.6663525741056485,False
Rice_Leaf_Diease/Rice_Leaf_Diease/test/Rice Hispa/Rice_Hispa (184).jpg,rice_hispa,leaf_blast,0.7072942342364134,False
Rice_Leaf_Diease/Rice_Leaf_Diease/test/Rice Hispa/Rice_Hispa (19).jpg,rice_hispa,sheath_blight,0.9336465062629692,False
Rice_Leaf_Diease/Rice_Leaf_Diease/test/Rice Hispa/Rice_Hispa (193).jpg,rice_hispa,healthy,0.9268120254174226,False
Rice_Leaf_Diease/Rice_Leaf_Diease/test/Rice Hispa/Rice_Hispa (194).jpg,rice_hispa,leaf_blast,0.3627357745305101,False
Rice_Leaf_Diease/Rice_Leaf_Diease/test/Rice Hispa/Rice_Hispa (2).jpg,rice_hispa,leaf_blast,0.545396141215367,False
Rice_Leaf_Diease/Rice_Leaf_Diease/test/Rice Hispa/Rice_Hispa (20).jpg,rice_hispa,sheath_blight,0.7324786172470272,False
Rice_Leaf_Diease/Rice_Leaf_Diease/test/Rice Hispa/Rice_Hispa (200).jpg,rice_hispa,neck_blast,0.728347824201554,False
Rice_Leaf_Diease/Rice_Leaf_Diease/test/Rice Hispa/Rice_Hispa (201).jpg,rice_hispa,neck_blast,0.5411012668671289,False
Rice_Leaf_Diease/Rice_Leaf_Diease/test/Rice Hispa/Rice_Hispa (202).jpg,rice_hispa,neck_blast,0.3957149648701424,False
Rice_Leaf_Diease/Rice_Leaf_Diease/test/Rice Hispa/Rice_Hispa (21).jpg,rice_hispa,sheath_blight,0.9356944000074395,False
Rice_Leaf_Diease/Rice_Leaf_Diease/test/Rice Hispa/Rice_Hispa (26).jpg,rice_hispa,sheath_blight,0.4150692562116391,False
Rice_Leaf_Diease/Rice_Leaf_Diease/test/Rice Hispa/Rice_Hispa (27).jpg,rice_hispa,sheath_blight,0.5548997250867915,False
Rice_Leaf_Diease/Rice_Leaf_Diease/test/Rice Hispa/Rice_Hispa (28).jpg,rice_hispa,sheath_blight,0.8745394031132808,False
Rice_Leaf_Diease/Rice_Leaf_Diease/test/Rice Hispa/Rice_Hispa (29).jpg,rice_hispa,sheath_blight,0.8512740455989832,False
Rice_Leaf_Diease/Rice_Leaf_Diease/test/Rice Hispa/Rice_Hispa (3).jpg,rice_hispa,leaf_blast,0.7007118115084843,False
Rice_Leaf_Diease/Rice_Leaf_Diease/test/Rice Hispa/Rice_Hispa (30).jpg,rice_hispa,sheath_blight,0.8660160486267244,False
Rice_Leaf_Diease/Rice_Leaf_Diease/test/Rice Hispa/Rice_Hispa (36).jpg,rice_hispa,sheath_blight,0.5939673345994084,False
Rice_Leaf_Diease/Rice_Leaf_Diease/test/Rice Hispa/Rice_Hispa (37).jpg,rice_hispa,sheath_blight,0.6478840633604195,False
Rice_Leaf_Diease/Rice_Leaf_Diease/test/Rice Hispa/Rice_Hispa (38).jpg,rice_hispa,sheath_blight,0.686563291822977,False
Rice_Leaf_Diease/Rice_Leaf_Diease/test/Rice Hispa/Rice_Hispa (39).jpg,rice_hispa,sheath_blight,0.6389898266064311,False
Rice_Leaf_Diease/Rice_Leaf_Diease/test/Rice Hispa/Rice_Hispa (45).jpg,rice_hispa,leaf_blast,0.5099722725371271,False
Rice_Leaf_Diease/Rice_Leaf_Diease/test/Rice Hispa/Rice_Hispa (46).jpg,rice_hispa,leaf_blast,0.7185664807066592,False
Rice_Leaf_Diease/Rice_Leaf_Diease/test/Rice Hispa/Rice_Hispa (48).jpg,rice_hispa,healthy,0.42764996737021227,False
Rice_Leaf_Diease/Rice_Leaf_Diease/test/Rice Hispa/Rice_Hispa (56).jpg,rice_hispa,sheath_blight,0.9614256098917823,False
Rice_Leaf_Diease/Rice_Leaf_Diease/test/Rice Hispa/Rice_Hispa (57).jpg,rice_hispa,sheath_blight,0.9596554990100765,False
Rice_Leaf_Diease/Rice_Leaf_Diease/test/Rice Hispa/Rice_Hispa (58).jpg,rice_hispa,sheath_blight,0.9625655057425481,False
Rice_Leaf_Diease/Rice_Leaf_Diease/test/Rice Hispa/Rice_Hispa (59).jpg,rice_hispa,sheath_blight,0.9566520614489077,False
Rice_Leaf_Diease/Rice_Leaf_Diease/test/Rice Hispa/Rice_Hispa (60).jpg,rice_hispa,sheath_blight,0.9587318471395067,False
Rice_Leaf_Diease/Rice_Leaf_Diease/test/Rice Hispa/Rice_Hispa (61).jpg,rice_hispa,sheath_blight,0.594124223048343,False
Rice_Leaf_Diease/Rice_Leaf_Diease/test/Rice Hispa/Rice_Hispa (62).jpg,rice_hispa,sheath_blight,0.5165825666973206,False
Rice_Leaf_Diease/Rice_Leaf_Diease/test/Rice Hispa/Rice_Hispa (63).jpg,rice_hispa,sheath_blight,0.49919274560853166,False
Rice_Leaf_Diease/Rice_Leaf_Diease/test/Rice Hispa/Rice_Hispa (64).jpg,rice_hispa,sheath_blight,0.6434314002943758,False
Rice_Leaf_Diease/Rice_Leaf_Diease/test/Rice Hispa/Rice_Hispa (65).jpg,rice_hispa,healthy,0.9843992003108509,False
Rice_Leaf_Diease/Rice_Leaf_Diease/test/Rice Hispa/Rice_Hispa (66).jpg,rice_hispa,healthy,0.9772386122229252,False
Rice_Leaf_Diease/Rice_Leaf_Diease/test/Rice Hispa/Rice_Hispa (67).jpg,rice_hispa,healthy,0.9813906529576941,False
Rice_Leaf_Diease/Rice_Leaf_Diease/test/Rice Hispa/Rice_Hispa (68).jpg,rice_hispa,healthy,0.7779398303243142,False
Rice_Leaf_Diease/Rice_Leaf_Diease/test/Rice Hispa/Rice_Hispa (7).jpg,rice_hispa,healthy,0.510842764826804,False
Rice_Leaf_Diease/Rice_Leaf_Diease/test/Rice Hispa/Rice_Hispa (71).jpg,rice_hispa,healthy,0.9707122864178084,False
Rice_Leaf_Diease/Rice_Leaf_Diease/test/Rice Hispa/Rice_Hispa (72).jpg,rice_hispa,healthy,0.9497315136697803,False
Rice_Leaf_Diease/Rice_Leaf_Diease/test/Rice Hispa/Rice_Hispa (73).jpg,rice_hispa,healthy,0.951154310774561,False
Rice_Leaf_Diease/Rice_Leaf_Diease/test/Rice Hispa/Rice_Hispa (74).jpg,rice_hispa,healthy,0.6941632069018373,False
Rice_Leaf_Diease/Rice_Leaf_Diease/test/Rice Hispa/Rice_Hispa (75).jpg,rice_hispa,healthy,0.6411393204217392,False
Rice_Leaf_Diease/Rice_Leaf_Diease/test/Rice Hispa/Rice_Hispa (76).jpg,rice_hispa,healthy,0.6554761238022808,False
Rice_Leaf_Diease/Rice_Leaf_Diease/test/Rice Hispa/Rice_Hispa (77).jpg,rice_hispa,healthy,0.7478406336231488,False
Rice_Leaf_Diease/Rice_Leaf_Diease/test/Rice Hispa/Rice_Hispa (78).jpg,rice_hispa,healthy,0.7574718079330907,False
Rice_Leaf_Diease/Rice_Leaf_Diease/test/Rice Hispa/Rice_Hispa (8).jpg,rice_hispa,healthy,0.9194538776017507,False
Rice_Leaf_Diease/Rice_Leaf_Diease/test/Rice Hispa/Rice_Hispa (84).jpg,rice_hispa,healthy,0.9358728555777031,False
Rice_Leaf_Diease/Rice_Leaf_Diease/test/Rice Hispa/Rice_Hispa (85).jpg,rice_hispa,healthy,0.988644848881413,False
Rice_Leaf_Diease/Rice_Leaf_Diease/test/Rice Hispa/Rice_Hispa (86).jpg,rice_hispa,healthy,0.9498522937862769,False
Rice_Leaf_Diease/Rice_Leaf_Diease/test/Rice Hispa/Rice_Hispa (87).jpg,rice_hispa,healthy,0.8269252495495695,False
Rice_Leaf_Diease/Rice_Leaf_Diease/test/Rice Hispa/Rice_Hispa (9).jpg,rice_hispa,healthy,0.7710264467773137,False
Rice_Leaf_Diease/Rice_Leaf_Diease/test/Rice Hispa/Rice_Hispa (91).jpg,rice_hispa,healthy,0.6825156757834305,False
Rice_Leaf_Diease/Rice_Leaf_Diease/test/Rice Hispa/Rice_Hispa (92).jpg,rice_hispa,healthy,0.9238912069666572,False
Rice_Leaf_Diease/Rice_Leaf_Diease/test/Rice Hispa/Rice_Hispa (93).jpg,rice_hispa,healthy,0.5038789379065106,False
Rice_Leaf_Diease/Rice_Leaf_Diease/test/Rice Hispa/Rice_Hispa (94).jpg,rice_hispa,leaf_blast,0.5040288341687955,False
Rice_Leaf_Diease/Rice_Leaf_Diease/test/Rice Hispa/Rice_Hispa (95).jpg,rice_hispa,healthy,0.4863306393181937,False
Rice_Leaf_Diease/Rice_Leaf_Diease/test/Rice Hispa/Rice_Hispa (96).jpg,rice_hispa,leaf_blast,0.543529001956942,False
Rice_Leaf_Diease/Rice_Leaf_Diease/test/Rice Hispa/Rice_Hispa (97).jpg,rice_hispa,healthy,0.7676101972951602,False
Rice_Leaf_Diease/Rice_Leaf_Diease/test/Rice Hispa/Rice_Hispa (98).jpg,rice_hispa,healthy,0.6171651225736756,False
Rice_Leaf_Diease/Rice_Leaf_Diease/test/Sheath Blight/IMG_20231006_163217 - Copy.jpg,sheath_blight,leaf_blast,0.628952524213026,False
Rice_Leaf_Diease/Rice_Leaf_Diease/test/Sheath Blight/IMG_20231006_163221 - Copy.jpg,sheath_blight,rice_hispa,0.9144552772220947,False
Rice_Leaf_Diease/Rice_Leaf_Diease/test/Sheath Blight/IMG_20231006_164322.jpg,sheath_blight,leaf_scald,0.794407195077602,False
Rice_Leaf_Diease/Rice_Leaf_Diease/test/Sheath Blight/IMG_20231014_171037.jpg,sheath_blight,leaf_blast,0.605193820422886,False
Rice_Leaf_Diease/Rice_Leaf_Diease/test/Sheath Blight/IMG_20231014_171050.jpg,sheath_blight,leaf_blast,0.4788352532669068,False
Rice_Leaf_Diease/Rice_Leaf_Diease/test/Sheath Blight/IMG_20231014_171053.jpg,sheath_blight,leaf_blast,0.5411141310335987,False
Rice_Leaf_Diease/Rice_Leaf_Diease/test/Sheath Blight/IMG_20231014_171056.jpg,sheath_blight,leaf_blast,0.36551308856692805,False
Rice_Leaf_Diease/Rice_Leaf_Diease/test/Sheath Blight/IMG_20231014_171057.jpg,sheath_blight,leaf_blast,0.47844011519777224,False
Rice_Leaf_Diease/Rice_Leaf_Diease/test/Sheath Blight/IMG_20231014_171730.jpg,sheath_blight,narrow_brown_spot,0.33651500223541003,False
Rice_Leaf_Diease/Rice_Leaf_Diease/test/Sheath Blight/IMG_20231014_171736.jpg,sheath_blight,leaf_blast,0.8967266609540661,False
Rice_Leaf_Diease/Rice_Leaf_Diease/test/Sheath Blight/IMG_20231014_171741.jpg,sheath_blight,leaf_blast,0.5933714343881227,False
Rice_Leaf_Diease/Rice_Leaf_Diease/test/Sheath Blight/IMG_20231014_171742.jpg,sheath_blight,narrow_brown_spot,0.3731606464118937,False
Rice_Leaf_Diease/Rice_Leaf_Diease/test/Sheath Blight/IMG_20231014_171743.jpg,sheath_blight,leaf_blast,0.6592364365062733,False
Rice_Leaf_Diease/Rice_Leaf_Diease/test/Sheath Blight/IMG_20231014_172039_1.jpg,sheath_blight,narrow_brown_spot,0.4100942423345098,False
Rice_Leaf_Diease/Rice_Leaf_Diease/test/Sheath Blight/IMG_20231014_172040.jpg,sheath_blight,narrow_brown_spot,0.33202496717288016,False
Rice_Leaf_Diease/Rice_Leaf_Diease/test/Sheath Blight/IMG_20231014_172144.jpg,sheath_blight,leaf_blast,0.7922636627159727,False
Rice_Leaf_Diease/Rice_Leaf_Diease/test/Sheath Blight/IMG_20231014_172619.jpg,sheath_blight,leaf_blast,0.8292517143982621,False
Rice_Leaf_Diease/Rice_Leaf_Diease/test/Sheath Blight/IMG_20231014_172622.jpg,sheath_blight,leaf_blast,0.8465440479749148,False
Rice_Leaf_Diease/Rice_Leaf_Diease/test/Sheath Blight/IMG_20231014_172624.jpg,sheath_blight,leaf_blast,0.8921879332066666,False
Rice_Leaf_Diease/Rice_Leaf_Diease/test/Sheath Blight/IMG_20231014_172625.jpg,sheath_blight,leaf_blast,0.8617588052666005,False
Rice_Leaf_Diease/Rice_Leaf_Diease/test/Sheath Blight/IMG_20231014_172626.jpg,sheath_blight,leaf_blast,0.949230663820244,False
Rice_Leaf_Diease/Rice_Leaf_Diease/test/Sheath Blight/IMG_20231014_172924.jpg,sheath_blight,healthy,0.9330801546309722,False
Rice_Leaf_Diease/Rice_Leaf_Diease/test/Sheath Blight/IMG_20231014_172925.jpg,sheath_blight,healthy,0.8922572337358997,False
Rice_Leaf_Diease/Rice_Leaf_Diease/test/Sheath Blight/IMG_20231014_172929.jpg,sheath_blight,healthy,0.867196381840574,False
Rice_Leaf_Diease/Rice_Leaf_Diease/test/Sheath Blight/IMG_20231014_172936.jpg,sheath_blight,leaf_blast,0.9512487109207683,False
Rice_Leaf_Diease/Rice_Leaf_Diease/test/Sheath Blight/IMG_20231014_172938.jpg,sheath_blight,leaf_blast,0.9338394397978294,False
Rice_Leaf_Diease/Rice_Leaf_Diease/test/Sheath Blight/IMG_20231014_172942.jpg,sheath_blight,leaf_blast,0.9540706166955316,False
Rice_Leaf_Diease/Rice_Leaf_Diease/test/Sheath Blight/IMG_20231014_172945.jpg,sheath_blight,leaf_blast,0.5217953932203515,False
Rice_Leaf_Diease/Rice_Leaf_Diease/test/Sheath Blight/IMG_20231014_173417.jpg,sheath_blight,leaf_blast,0.5305601012112511,False
Rice_Leaf_Diease/Rice_Leaf_Diease/test/Sheath Blight/IMG_20231018_142847.jpg,sheath_blight,leaf_blast,0.9695588628995613,False
Rice_Leaf_Diease/Rice_Leaf_Diease/test/Sheath Blight/IMG_20231018_142849.jpg,sheath_blight,leaf_blast,0.8838305653378853,False
Rice_Leaf_Diease/Rice_Leaf_Diease/test/Sheath Blight/IMG_20231018_142904.jpg,sheath_blight,leaf_blast,0.3435655754646085,False
Rice_Leaf_Diease/Rice_Leaf_Diease/test/Sheath Blight/IMG_20231018_142905.jpg,sheath_blight,leaf_blast,0.33054499261093045,False
Rice_Leaf_Diease/Rice_Leaf_Diease/test/Sheath Blight/IMG_20231018_142908.jpg,sheath_blight,leaf_blast,0.7122214841436812,False
Rice_Leaf_Diease/Rice_Leaf_Diease/test/Sheath Blight/IMG_20231018_143256.jpg,sheath_blight,leaf_blast,0.9827831078228947,False
Rice_Leaf_Diease/Rice_Leaf_Diease/test/Sheath Blight/IMG_20231018_143257.jpg,sheath_blight,leaf_blast,0.9914371114838272,False
Rice_Leaf_Diease/Rice_Leaf_Diease/test/Sheath Blight/IMG_20231018_143300.jpg,sheath_blight,leaf_blast,0.8705499219289964,False
Rice_Leaf_Diease/Rice_Leaf_Diease/test/Sheath Blight/IMG_20231018_143300_1.jpg,sheath_blight,leaf_blast,0.8835694837999637,False
Rice_Leaf_Diease/Rice_Leaf_Diease/test/Sheath Blight/IMG_20231018_143304.jpg,sheath_blight,leaf_blast,0.6985751768951909,False
Rice_Leaf_Diease/Rice_Leaf_Diease/test/Sheath Blight/IMG_20231018_143315.jpg,sheath_blight,leaf_blast,0.6453840068249951,False
Rice_Leaf_Diease/Rice_Leaf_Diease/test/Sheath Blight/IMG_20231018_143316.jpg,sheath_blight,healthy,0.5005639429666736,False
Rice_Leaf_Diease/Rice_Leaf_Diease/test/Sheath Blight/IMG_20231018_143316_1.jpg,sheath_blight,leaf_blast,0.9022893342276408,False
Rice_Leaf_Diease/Rice_Leaf_Diease/test/Sheath Blight/IMG_20231018_143318.jpg,sheath_blight,healthy,0.8195431420431047,False
Rice_Leaf_Diease/Rice_Leaf_Diease/test/Sheath Blight/IMG_20231018_143320.jpg,sheath_blight,leaf_blast,0.8451543835818441,False
Rice_Leaf_Diease/Rice_Leaf_Diease/test/Sheath Blight/more_01afcec83e1ff0fa5b643752e050e65aa5ca9e22dfd339ece24b82dfa871fef5.jpg,sheath_blight,leaf_blast,0.44481362384658374,False
Rice_Leaf_Diease/Rice_Leaf_Diease/test/Sheath Blight/more_16bb8b087243560595ef7e5992256393e0f0fc406317e6ee2b797f9d9a5a0412.jpg,sheath_blight,leaf_scald,0.8216689142109375,False
Rice_Leaf_Diease/Rice_Leaf_Diease/test/Sheath Blight/more_1aac3aa7e1588d12adade57549476d98254ca9bf32391dce3977ba1a1dc0b522.jpg,sheath_blight,leaf_blast,0.9274111895853091,False
Rice_Leaf_Diease/Rice_Leaf_Diease/test/Sheath Blight/more_2095d474d9e3db406b8611c5cdacf2b0ca81a9ebe359da77332793bdd505249b.jpg,sheath_blight,leaf_blast,0.5925704053825714,False
Rice_Leaf_Diease/Rice_Leaf_Diease/test/Sheath Blight/more_26b854d1814076f52b65516407f4624e44c115507f0f1594aed1ef2dfd6ecfef.jpg,sheath_blight,narrow_brown_spot,0.44392822895229683,False
Rice_Leaf_Diease/Rice_Leaf_Diease/test/Sheath Blight/more_27a4fa7eb2131eef73c80906cdfead1a548194c329d15644cac501de2fda9d1c.jpg,sheath_blight,leaf_blast,0.7327125387873644,False
Rice_Leaf_Diease/Rice_Leaf_Diease/test/Sheath Blight/more_2b06e741a7e78d45caf81e03fb3831f80c5647f62ef9c98fafa4a775f50ea142.jpg,sheath_blight,leaf_blast,0.8696406960122993,False
Rice_Leaf_Diease/Rice_Leaf_Diease/test/Sheath Blight/more_2c125eb6110bae5079c7feb5e944bc6fcafd80f5259c5febca0ea8fc08061096.jpg,sheath_blight,leaf_blast,0.48907020503400617,False
Rice_Leaf_Diease/Rice_Leaf_Diease/test/Sheath Blight/more_2fb358ea1687b8729ffd4a0d75012f9d1342fd7ab6ca3ef9df357ea9ee0ac232.jpg,sheath_blight,leaf_blast,0.5525243033032435,False
Rice_Leaf_Diease/Rice_Leaf_Diease/test/Sheath Blight/more_31d53d567357425e891abc90d800465ba6d95d1b0c7338f37bfeebaf270508d0.jpg,sheath_blight,leaf_blast,0.638640856608485,False
Rice_Leaf_Diease/Rice_Leaf_Diease/test/Sheath Blight/more_335e7a2eab0cdc08a87f3c956808009aa049219e197220f4225a87efec8906bc.jpg,sheath_blight,leaf_blast,0.6674878850198063,False
Rice_Leaf_Diease/Rice_Leaf_Diease/test/Sheath Blight/more_4bebe786ea0e986df3e6bee4f13ccfdaeb9fe56814fe752b13cfbcedb14cc867.jpg,sheath_blight,leaf_blast,0.9438308449626603,False
Rice_Leaf_Diease/Rice_Leaf_Diease/test/Sheath Blight/more_4cc26f41fed319028924dff9fcdf3a5c0b04b9ff7a02470123b5b330aca79bf3.jpg,sheath_blight,leaf_blast,0.6650607203393722,False
Rice_Leaf_Diease/Rice_Leaf_Diease/test/Sheath Blight/more_4fe037b1c8318c0f5b5ed9f2a537af36e49121b63996194b8183a8a2a762b3aa.jpg,sheath_blight,leaf_blast,0.968247946450483,False
Rice_Leaf_Diease/Rice_Leaf_Diease/test/Sheath Blight/more_53acbd20d177c16feabafbb4d31cf9c116c399177b893e7087cb7ea283add24c.jpg,sheath_blight,leaf_scald,0.8493143224179407,False
Rice_Leaf_Diease/Rice_Leaf_Diease/test/Sheath Blight/more_5534d427033438834610986dba6e21296b31bdeef514974e912407e224cf9156.jpg,sheath_blight,leaf_blast,0.7307462407737413,False
Rice_Leaf_Diease/Rice_Leaf_Diease/test/Sheath Blight/more_57de24b57c471ef3fdf1fbda182accabf297766d90dd97bd4d9f7492f8470e33.jpg,sheath_blight,leaf_blast,0.37299774748941045,False
Rice_Leaf_Diease/Rice_Leaf_Diease/test/Sheath Blight/more_58deed51e2f67418fd91c429514f0737e78fdf3d2fefdfa58d28d209824f0703.jpg,sheath_blight,leaf_blast,0.567178955324473,False
Rice_Leaf_Diease/Rice_Leaf_Diease/test/Sheath Blight/more_59f614c210ae036fecf8827d66c30c48b076d84b6b3b2f0f64047fb4901292d0.jpg,sheath_blight,narrow_brown_spot,0.7909263484884869,False
Rice_Leaf_Diease/Rice_Leaf_Diease/test/Sheath Blight/more_5e9af1b5e553b9d667f1831eb0d135eb35488bcfd4a8b4d7ab42cf43195df698.jpg,sheath_blight,leaf_blast,0.6945793923339455,False
Rice_Leaf_Diease/Rice_Leaf_Diease/test/Sheath Blight/more_5fdea0badf0fc56147e1ae96f234ee69c7e315c0e8f17e42d62b629bf48e8a0a.jpg,sheath_blight,rice_hispa,0.960173643138846,False
Rice_Leaf_Diease/Rice_Leaf_Diease/test/Sheath Blight/more_64da6e7f104f85aa6dd33aad28a11cfe347b92c96654cc8802cb30ce28068460.jpg,sheath_blight,healthy,0.852149757244681,False
Rice_Leaf_Diease/Rice_Leaf_Diease/test/Sheath Blight/more_6922e4181e596b984b67f5a4cefa3a879ea890e9e38b393eb70ae8ded20ff4d7.jpg,sheath_blight,narrow_brown_spot,0.908743055140205,False
Rice_Leaf_Diease/Rice_Leaf_Diease/test/Sheath Blight/more_6bc91149a70b499b7e7c0313c299d1bc724b0e61ca50c6e87cedd29e039ce9c4.jpg,sheath_blight,leaf_blast,0.5458813323856139,False
Rice_Leaf_Diease/Rice_Leaf_Diease/test/Sheath Blight/more_6ee8a027137c5faae4f10ad4d18c15a33308127a38d679464cc2389ff60fbaa6.jpg,sheath_blight,rice_hispa,0.9413107494987215,False
Rice_Leaf_Diease/Rice_Leaf_Diease/test/Sheath Blight/more_770afbbc526648dcc810c843d2e7423b368eb190637d7839cf14c0d765e3852d.jpg,sheath_blight,rice_hispa,0.9942258072415058,False
Rice_Leaf_Diease/Rice_Leaf_Diease/test/Sheath Blight/more_781a2480b535f92418bec2e05aedf0975c74dd9affdaf4bd885cbf80c967b29f.jpg,sheath_blight,rice_hispa,0.9561816531975585,False
Rice_Leaf_Diease/Rice_Leaf_Diease/test/Sheath Blight/more_7825966c9a564502c2633710aaf5af754b1671de803acc826ccc0e34ea4382b1.jpg,sheath_blight,leaf_blast,0.8325218600923183,False
Rice_Leaf_Diease/Rice_Leaf_Diease/test/Sheath Blight/more_78a06b7f2c84da4ed06fed05840bb193e7c16c4d444dbdb7d24499ae2bbeb2dc.jpg,sheath_blight,leaf_blast,0.5279976167258548,False
Rice_Leaf_Diease/Rice_Leaf_Diease/test/Sheath Blight/more_7c2c46680552846a9678f4123a9fac3e7c6273644fea5cbbb2ff08d7aa25159b.jpg,sheath_blight,rice_hispa,0.34481727004362733,False
Rice_Leaf_Diease/Rice_Leaf_Diease/test/Sheath Blight/more_81b9026e50007dfcd10c65615218076f8d620aa9287c089213f05450a57f3d13.jpg,sheath_blight,leaf_blast,0.42050848913723887,False
Rice_Leaf_Diease/Rice_Leaf_Diease/test/Sheath Blight/more_88f7e113e021e68aa55a804051c79d88087e401f265189ccfdc781283f31ab95.jpg,sheath_blight,leaf_blast,0.7952228616670425,False
Rice_Leaf_Diease/Rice_Leaf_Diease/test/Sheath Blight/more_b046c78290d1e3afc0d271436f1d0273513b15159a3a4e17e8c8c7515be0d540.jpg,sheath_blight,rice_hispa,0.9961851531143412,False
Rice_Leaf_Diease/Rice_Leaf_Diease/test/Sheath Blight/more_c0bb0555edce0a31373af1d0d7e2172f00a6106a70f9d61b599772042c191fbd.jpg,sheath_blight,leaf_scald,0.7368343330514365,False
Rice_Leaf_Diease/Rice_Leaf_Diease/test/Sheath Blight/more_c0cd5b33b37c5062778b92fb98332e1d518fb8a7fb322a77cd76aa29274434e6.jpg,sheath_blight,leaf_blast,0.9607809446815218,False
Rice_Leaf_Diease/Rice_Leaf_Diease/test/Sheath Blight/more_c9a6615f78360fcf8ee029c539c236cb9b51e577d482165c90221618345ed39a.jpg,sheath_blight,healthy,0.8212232449419427,False
Rice_Leaf_Diease/Rice_Leaf_Diease/test/Sheath Blight/more_d03a755535454dd10e7b17c4ff117c85ce4fcaa006d62a3c9c09090734e8edca.jpg,sheath_blight,leaf_blast,0.8384812874101389,False
Rice_Leaf_Diease/Rice_Leaf_Diease/test/Sheath Blight/more_e8ad83741d3f3c3ca8ad003a2db755f894f51bcc09c84b955e530cd6e61b9bbc.jpg,sheath_blight,leaf_scald,0.6971284690606687,False
Rice_Leaf_Diease/Rice_Leaf_Diease/test/Sheath Blight/more_eb09ae93178a51221d0d1000d64b30dc8a3b26e1668f916b7209463c586d05b0.jpg,sheath_blight,narrow_brown_spot,0.40798552225585805,False
Rice_Leaf_Diease/Rice_Leaf_Diease/test/Sheath Blight/more_f47036e4156a46d2dbe1aa198ed5fd1c8bbb297815e10c03321632fe86af4e7c.jpg,sheath_blight,narrow_brown_spot,0.7189362177172947,False
Rice_Leaf_Diease/Rice_Leaf_Diease/test/Sheath Blight/more_f72d914eb9e1ff73de5e9e82031961d763e8a40abcdd3e3a0f10ca4120ddf465.jpg,sheath_blight,healthy,0.49990766420091604,False
Rice_Leaf_Diease/Rice_Leaf_Diease/test/Sheath Blight/more_f9580549969dddcda4396d29e87f5d8ba103a8b8e103f2b8febe84069912cf7e.jpg,sheath_blight,leaf_blast,0.8455373281561371,False
Rice_Leaf_Diease/Rice_Leaf_Diease/test/Tungro/IMG_1028.jpg,tungro,leaf_blast,0.8209608427418227,False
