label,precision,recall,f1-score,support
bacterial_leaf_blight,1.0,0.9968553459119497,0.9984251968503937,318.0
brown_spot,0.9472049689440993,0.8739255014326648,0.9090909090909091,349.0
healthy,0.8386605783866058,0.9137645107794361,0.8746031746031746,603.0
leaf_blast,0.7232876712328767,0.8727272727272727,0.7910112359550562,605.0
leaf_scald,0.9663608562691132,0.9186046511627907,0.9418777943368107,344.0
narrow_brown_spot,0.9446064139941691,0.8925619834710744,0.9178470254957507,363.0
neck_blast,0.9814814814814815,0.9875776397515528,0.9845201238390093,322.0
rice_hispa,0.8897058823529411,0.5377777777777778,0.6703601108033241,225.0
sheath_blight,0.826625386996904,0.7563739376770539,0.7899408284023669,353.0
tungro,0.987220447284345,0.9967741935483871,0.9919743178170144,310.0
