path,split,label,width,height,pixel_sha256,status,reason,development_split,similarity_group,stage3_split
Rice_Leaf_Diease/Rice_Leaf_Diease/train/bacterial_leaf_blight/bacterial_leaf_blight1264.jpg,train,bacterial_leaf_blight,1600,1600,07dc98ea574dec53fa44e2a9da925d9fd7a5447ead287336da9d6543b9b9f76f,included,,fit,130,quarantine
Rice_Leaf_Diease/Rice_Leaf_Diease/train/bacterial_leaf_blight/bacterial_leaf_blight1270.jpg,train,bacterial_leaf_blight,1600,1600,c82912b91850ed384e8538693f644fcd54416b9ea1e5da6a8a97af2b0469dd77,included,,fit,4085,quarantine
Rice_Leaf_Diease/Rice_Leaf_Diease/train/bacterial_leaf_blight/bacterial_leaf_blight282.jpg,train,bacterial_leaf_blight,1600,1600,294efcf3116b99b2059419badaa0243995f50b67de95810c129374db7ce1ab9c,included,,fit,4382,quarantine
Rice_Leaf_Diease/Rice_Leaf_Diease/train/bacterial_leaf_blight/bacterial_leaf_blight288.jpg,train,bacterial_leaf_blight,1600,1600,bc2fd8a6925858b1dcba2b818ee139d38123f02c9ca439fd3e980663b7d46716,included,,fit,4388,quarantine
Rice_Leaf_Diease/Rice_Leaf_Diease/train/bacterial_leaf_blight/bacterial_leaf_blight3.jpg,train,bacterial_leaf_blight,1600,1600,4ac60c16b0097dc4e81e0f4ffcae3bdbb0c608e3e7a636564ad92c64e0cc1ad0,included,,fit,3935,quarantine
Rice_Leaf_Diease/Rice_Leaf_Diease/train/bacterial_leaf_blight/bacterial_leaf_blight515.jpg,train,bacterial_leaf_blight,1600,1600,5d9a197bfbf8c30623ca7f0b71bc179bc51b6df36e1534ed19d0eeca7c2b5704,included,,fit,4054,quarantine
Rice_Leaf_Diease/Rice_Leaf_Diease/train/bacterial_leaf_blight/bacterial_leaf_blight527.jpg,train,bacterial_leaf_blight,1600,1600,fc27d071321542d18a7dde93edc6f23502167e89df1ac9aa3a2414fd15d7c74b,included,,fit,4571,quarantine
Rice_Leaf_Diease/Rice_Leaf_Diease/train/bacterial_leaf_blight/bacterial_leaf_blight681.jpg,train,bacterial_leaf_blight,1600,1600,9a5e1690af23c15858ead1d49c07cfb5a40f327e41c872155b624c45e3abbf6d,included,,fit,4382,quarantine
Rice_Leaf_Diease/Rice_Leaf_Diease/train/bacterial_leaf_blight/bacterial_leaf_blight838.jpg,train,bacterial_leaf_blight,1600,1600,f2ae5a564ac6194392354a76f8021aea4e4356bc835edbf07101e4571c2b2e0f,included,,fit,133,quarantine
Rice_Leaf_Diease/Rice_Leaf_Diease/train/brown_spot/brown_spot110.jpg,train,brown_spot,1600,1600,6e72571886ecc7c6702b93e6cabeea4e0bee812763be4791b2945c262eca60fd,included,,validation,5292,quarantine
Rice_Leaf_Diease/Rice_Leaf_Diease/train/brown_spot/brown_spot1100.jpg,train,brown_spot,1600,1600,1afe001c3bcdd4f284e4ba2e836b517763c6db3257a19e763b91dc1989618a39,included,,fit,5818,quarantine
Rice_Leaf_Diease/Rice_Leaf_Diease/train/brown_spot/brown_spot1118.jpg,train,brown_spot,1600,1600,6d9b50b27cf637bf8b1bb3e8b41c15ecaaef35f3b80894e87d06bc0a45d411e4,included,,fit,5818,quarantine
Rice_Leaf_Diease/Rice_Leaf_Diease/train/brown_spot/brown_spot1142.jpg,train,brown_spot,1600,1600,9f7d487615a9e5a85cab7fbd31d1f11f751fdecf980ccc3d97aec1210afbd61b,included,,fit,5339,quarantine
Rice_Leaf_Diease/Rice_Leaf_Diease/train/brown_spot/brown_spot1147.jpg,train,brown_spot,1600,1600,8d6553eb775a078fdcdec1b43b6dd6062be26d56ed8c4677fbe040be14f81278,included,,fit,5344,quarantine
Rice_Leaf_Diease/Rice_Leaf_Diease/train/brown_spot/brown_spot1162.jpg,train,brown_spot,1600,1600,6adc59d9255d509e96fa9bea95018ba1a7bacca382344b94ec3a4c2e7b6d36e7,included,,fit,5818,quarantine
Rice_Leaf_Diease/Rice_Leaf_Diease/train/brown_spot/brown_spot1223.jpg,train,brown_spot,1600,1600,2010bd42c37817284428cc9ebf8272a4eb0abc7270c05d789888849d16ae39de,included,,fit,5429,quarantine
Rice_Leaf_Diease/Rice_Leaf_Diease/train/brown_spot/brown_spot124.jpg,train,brown_spot,1600,1600,9e77f4c6a167c8dca55de5718ef9784ed4ac0cb588164ee858b54230b823abb5,included,,fit,385,quarantine
Rice_Leaf_Diease/Rice_Leaf_Diease/train/brown_spot/brown_spot1276.jpg,train,brown_spot,1600,1600,f11e56d6c1561e8feee6b1397b30deb8f0e4664f51d8eeec992a23bbcc4afc3d,included,,fit,423,quarantine
Rice_Leaf_Diease/Rice_Leaf_Diease/train/brown_spot/brown_spot1296.jpg,train,brown_spot,1600,1200,47d2cb1636c142e53dddf47ff45a6fb861f724ff8600c689b3e1129a269e21e9,included,,fit,5509,quarantine
Rice_Leaf_Diease/Rice_Leaf_Diease/train/brown_spot/brown_spot1325.jpg,train,brown_spot,1600,1600,c3390c5dd22d6ae7c0e42a9c7912eea9ce0f7ae14fdd66a2bda73154e8f48fad,included,,validation,495,quarantine
Rice_Leaf_Diease/Rice_Leaf_Diease/train/brown_spot/brown_spot1330.jpg,train,brown_spot,1600,1600,c9d93b5a064dc7fb4fffd7bda867677554f470ef35b563115b49fdf59ad6d870,included,,fit,415,quarantine
Rice_Leaf_Diease/Rice_Leaf_Diease/train/brown_spot/brown_spot1345.jpg,train,brown_spot,1600,1600,4375ab34766b887ccf5c02d0bbc01afbe43250499dfe27923c6a9173e5bef3a2,included,,validation,5292,quarantine
Rice_Leaf_Diease/Rice_Leaf_Diease/train/brown_spot/brown_spot1464.jpg,train,brown_spot,1600,1600,7a421155005296d85b26fecdca451ed9c948b74f5428df0c71037385f8093ee0,included,,fit,5292,quarantine
Rice_Leaf_Diease/Rice_Leaf_Diease/train/brown_spot/brown_spot161.jpg,train,brown_spot,1600,1600,adef289b955ea44963ec6c53d81ab9298fcda1fe433299561e54198fb4d8ab61,included,,fit,5728,quarantine
Rice_Leaf_Diease/Rice_Leaf_Diease/train/brown_spot/brown_spot179.jpg,train,brown_spot,1600,1600,7bfff2901ca4e5d28c228c4d3afd5668ce4753101cfff9f24cfaadf564cc14e1,included,,validation,5818,quarantine
Rice_Leaf_Diease/Rice_Leaf_Diease/train/brown_spot/brown_spot232.jpg,train,brown_spot,1600,1600,3f0730f49b8022cf93de1cf935a6c6e3e0c64e17952a8128358e2a80af33e101,included,,fit,5261,quarantine
Rice_Leaf_Diease/Rice_Leaf_Diease/train/brown_spot/brown_spot242.jpg,train,brown_spot,1600,1600,3d76561070a3484de6eb2beab2a625b0b85e66e21dcfdb377eef79284a6cb09e,included,,fit,5818,quarantine
Rice_Leaf_Diease/Rice_Leaf_Diease/train/brown_spot/brown_spot251.jpg,train,brown_spot,1600,1600,d31963880882cb43dbb1f9638fd9562007fe9ea42a0541849844c98319513061,included,,fit,493,quarantine
Rice_Leaf_Diease/Rice_Leaf_Diease/train/brown_spot/brown_spot316.jpg,train,brown_spot,1600,1600,e2bb99b8f859a2b1b2649472a5c3ba6ace69d72d637aebdea941dec9b186a301,included,,fit,5344,quarantine
Rice_Leaf_Diease/Rice_Leaf_Diease/train/brown_spot/brown_spot358.jpg,train,brown_spot,1600,1600,a354d400ede4be105151fa46d29c567888fbdcd7c6dd2f14b23f27345d69376c,included,,fit,5818,quarantine
Rice_Leaf_Diease/Rice_Leaf_Diease/train/brown_spot/brown_spot387.jpg,train,brown_spot,1600,1600,9b4009d4a43bff6148ca9b66ddd19fc79c78d5f7e77af8568210526d1c81fddf,included,,fit,5818,quarantine
Rice_Leaf_Diease/Rice_Leaf_Diease/train/brown_spot/brown_spot389.jpg,train,brown_spot,1600,1600,f42f49870e73318b7e1d399a05b9a6872ed63bb7de2da05285c3027a33ebe4d7,included,,fit,362,quarantine
Rice_Leaf_Diease/Rice_Leaf_Diease/train/brown_spot/brown_spot417.jpg,train,brown_spot,1600,1600,c8b73fe807e9c6cd07184904e7260125428d228a2245d04d0d5d033bdf1e7b3e,included,,fit,5429,quarantine
Rice_Leaf_Diease/Rice_Leaf_Diease/train/brown_spot/brown_spot476.jpg,train,brown_spot,1600,1600,6921990fed8e51c5026ccd4b668ddace8aa990b6fab9db834e95a082878484c7,included,,fit,6076,quarantine
Rice_Leaf_Diease/Rice_Leaf_Diease/train/brown_spot/brown_spot493.jpg,train,brown_spot,1600,1600,be03ae448d61ea340fd8d0940b3b1b5e95c293e58fa37a63e4915dfefb313418,included,,fit,6096,quarantine
Rice_Leaf_Diease/Rice_Leaf_Diease/train/brown_spot/brown_spot494.jpg,train,brown_spot,1600,1600,a5170b534f43f2d25c9a8e42da846cbe09479d7bfbd7862392821674163ce307,included,,fit,6097,quarantine
Rice_Leaf_Diease/Rice_Leaf_Diease/train/brown_spot/brown_spot51.jpg,train,brown_spot,1600,1600,07d2a45898d0d5d5cc331a6f3ba389d0cdb9a3e49e26ff34d90009ac92a03661,included,,fit,6026,quarantine
Rice_Leaf_Diease/Rice_Leaf_Diease/train/brown_spot/brown_spot513.jpg,train,brown_spot,1600,1600,aa2e7248930e67d5eef1a8f2b67abbde858cdb256a2ea14e9339ddc996523b66,included,,fit,399,quarantine
Rice_Leaf_Diease/Rice_Leaf_Diease/train/brown_spot/brown_spot592.jpg,train,brown_spot,1600,1600,d329c863451a9e52459944a4eaf2e2e1232f034c187c508590478efe56dde30c,included,,fit,6206,quarantine
Rice_Leaf_Diease/Rice_Leaf_Diease/train/brown_spot/brown_spot60.jpg,train,brown_spot,1600,1600,c168880125fcbc3677d2948e4139f920addef5076818a70b2d8170fbfb130e57,included,,fit,6206,quarantine
Rice_Leaf_Diease/Rice_Leaf_Diease/train/brown_spot/brown_spot634.jpg,train,brown_spot,1600,1600,24347fa564ed8c0e7f2460081f022b18f2cfeecbb6f99dd61191d7a10cdd6cb1,included,,fit,5818,quarantine
Rice_Leaf_Diease/Rice_Leaf_Diease/train/brown_spot/brown_spot636.jpg,train,brown_spot,1600,1600,a56c553185b2e500b7526da6fc122a280722584358833f0eebaddfa351ed5ef1,included,,fit,347,quarantine
Rice_Leaf_Diease/Rice_Leaf_Diease/train/brown_spot/brown_spot661.jpg,train,brown_spot,1600,1600,6a3e39598034f4e91c283afc13d35f8a4620a70620a38e56afc28fa2fc7a3520,included,,fit,5199,quarantine
Rice_Leaf_Diease/Rice_Leaf_Diease/train/brown_spot/brown_spot761.jpg,train,brown_spot,1600,1600,dbd4df35a06a6df5e57274f97b876d54a5326b3baf4cf8406d65478fead760ec,included,,fit,640,quarantine
Rice_Leaf_Diease/Rice_Leaf_Diease/train/brown_spot/brown_spot777.jpg,train,brown_spot,1600,1600,ceda5ba04cab7b1bc8f0901f16cd8c143797cfa46ef7d6834d8ccc4178030bf7,included,,fit,5422,quarantine
Rice_Leaf_Diease/Rice_Leaf_Diease/train/brown_spot/brown_spot799.jpg,train,brown_spot,1600,1600,760c31c453cc29d3d0a15b9d5b3145bebd54b758508231ef6fb2dff7a2c74077,included,,fit,5818,quarantine
Rice_Leaf_Diease/Rice_Leaf_Diease/train/brown_spot/brown_spot80.jpg,train,brown_spot,1600,1600,6ee998e4ef1d2c78d7970669311db57b17de2d498dd4138bccf300674c948649,included,,fit,6437,quarantine
Rice_Leaf_Diease/Rice_Leaf_Diease/train/brown_spot/brown_spot835.jpg,train,brown_spot,1600,1600,0426e6401e36c6e917ca46009c7067a054f1146ab84df3aa3422ce4af8118df1,included,,fit,6425,quarantine
Rice_Leaf_Diease/Rice_Leaf_Diease/train/brown_spot/brown_spot839.jpg,train,brown_spot,1600,1600,67683d204da00c5e83c6907706011cbf5ae9e1cba03c2776175c937bb0fb9664,included,,fit,477,quarantine
Rice_Leaf_Diease/Rice_Leaf_Diease/train/brown_spot/brown_spot855.jpg,train,brown_spot,1600,1600,35e87dc7b3781cd933dd2352327d68a69b19534d1dac079c5f59dc52165da1e2,included,,fit,482,quarantine
Rice_Leaf_Diease/Rice_Leaf_Diease/train/brown_spot/brown_spot87.jpg,train,brown_spot,1600,1600,d6bd7a22d38bbf451041cdc26a2cf4ded26d46dd5ba0152ad957dbbc8f50843e,included,,validation,5292,quarantine
Rice_Leaf_Diease/Rice_Leaf_Diease/train/brown_spot/brown_spot905.jpg,train,brown_spot,1600,1600,d28c34c55c6a247b834a25f9d8b2409097a06524ac981cc7e64ed9d0c4a7f5d5,included,,validation,6554,quarantine
Rice_Leaf_Diease/Rice_Leaf_Diease/train/brown_spot/brown_spot993.jpg,train,brown_spot,1600,1600,15674a0eaf74af47dc35f7057a21dac27270cb45ec54f56566976789d729b80c,included,,fit,631,quarantine
Rice_Leaf_Diease/Rice_Leaf_Diease/train/healthy/healthy317.jpg,train,healthy,1600,1600,cbc753ae039e7066ee14d2f3a62cc9feac3471e1c40058a8bc166fadbd985149,included,,fit,828,quarantine
Rice_Leaf_Diease/Rice_Leaf_Diease/train/healthy/healthy468.jpg,train,healthy,1600,1600,a72451cd0f5872227a2c450e2ed8004858139f6ec9d65760e3b8950300f7ed18,included,,fit,800,quarantine
Rice_Leaf_Diease/Rice_Leaf_Diease/train/healthy/healthy604.jpg,train,healthy,1600,1600,0e61f3b12793ee3ad891202a59396d4fd88b8b90be41e7c27e251fd6486533bd,included,,validation,905,quarantine
Rice_Leaf_Diease/Rice_Leaf_Diease/train/healthy/healthy708.jpg,train,healthy,1600,1600,fae205ac1223321584ea6d514584b068c3cda59cb620b0151031c72b4a5a39f4,included,,fit,782,quarantine
Rice_Leaf_Diease/Rice_Leaf_Diease/train/healthy/healthy736.jpg,train,healthy,1600,1600,3fcbe35bf521065d9d96567a54ed98388f03513057e9f7c0899a6bf90497eb12,included,,fit,7857,quarantine
Rice_Leaf_Diease/Rice_Leaf_Diease/train/healthy/healthy857.jpg,train,healthy,1600,1600,77b436c1272103ca28ab17b18ed56af0c037f05bde6d2f7c60a3ec3c7a9f4b6b,included,,fit,7756,quarantine
Rice_Leaf_Diease/Rice_Leaf_Diease/train/healthy/healthy869.jpg,train,healthy,1600,1600,4d874bec2ba1f30a190f37831b5b67ec8a281e5d641ed6dcdfd459cee4650ce7,included,,fit,926,quarantine
Rice_Leaf_Diease/Rice_Leaf_Diease/train/healthy/healthy914.jpg,train,healthy,1600,1600,d994f4c15bf430cd00997bf70563eb7586d6074d0157bb6531750b6d7a8528bc,included,,fit,882,quarantine
Rice_Leaf_Diease/Rice_Leaf_Diease/train/healthy/more_07f839b4a8302148a3538caf547bf4db3e914a7dcf045eb3e0b965459c6c7420.jpg,train,healthy,2378,2378,c5509fca9f86e56ad79d775c8dd66ee3ffb993c98c8bdb36277645eb2d60f6ab,included,,fit,851,quarantine
Rice_Leaf_Diease/Rice_Leaf_Diease/train/healthy/more_0ae9f6f514dfdd4984da5a60cff33dbdc058d7cb9fdd8fdbe1c7d61e6cea9473.jpg,train,healthy,2394,2394,c6eddb7c2bebc9478f0defe434011ffb267734371c50730ff8969d679e8717e1,included,,fit,878,quarantine
Rice_Leaf_Diease/Rice_Leaf_Diease/train/healthy/more_0c53a2192a3c36bc63f141ef03f4e1b16a93880eb24c3455a9653ee9683d747d.jpg,train,healthy,1446,1446,66f1adb462e520dcd8a72fcda49e72c08d6825a4558875624f1dd37591984ba0,included,,fit,816,quarantine
Rice_Leaf_Diease/Rice_Leaf_Diease/train/healthy/more_0efabdf4809af1cf088fbdecc4fbc60f7d89303d9c72a63f0d7548f408c0c52a.jpg,train,healthy,1980,1980,c4d082fdded8c086eb38222ad272f24a26d19f29d708674e614a47935f40ee8d,included,,fit,834,quarantine
Rice_Leaf_Diease/Rice_Leaf_Diease/train/healthy/more_0f58f53cd1443c656c911bb2e7f6c53f6476d2647798afa12077e44e5da792b9.jpg,train,healthy,1633,1633,5231ddc7fe1f7a15a366adc35cf094d67e8c4f85aa564bd24457ef0e96f7b10d,included,,fit,925,quarantine
Rice_Leaf_Diease/Rice_Leaf_Diease/train/healthy/more_0fc255a2e28fe1270a159d9e7dc0d0e27f79dfe886d79104aa1d057b47ee197b.jpg,train,healthy,3120,3120,bbf72b84032a19cd1bd8947ea3b302660d953da889f4d42565a3b981e00bc4e4,included,,fit,691,quarantine
Rice_Leaf_Diease/Rice_Leaf_Diease/train/healthy/more_11b7e8cdd09a3d2b4f12dae0966002b67823ea15d9e2d38fd687763997bc822b.jpg,train,healthy,2134,2134,61612da76b0e5434f3f23efddb7951e8cfd88f4f24a8f4865cb0aa8881c99709,included,,fit,762,quarantine
Rice_Leaf_Diease/Rice_Leaf_Diease/train/healthy/more_1ce6fbcddb0f76486584908428ce689b84c4d65b218f3f39cbb77107c5ed9c57.jpg,train,healthy,1857,1857,abdff234afc39ba95a96ec38e60dcbd46fc38e74c818af1836b391d70f2a5675,included,,fit,734,quarantine
Rice_Leaf_Diease/Rice_Leaf_Diease/train/healthy/more_22a5b9d140e07ee9d50de916936e8e2a0b3fb02becb38dd5df8f9502da7526c3.jpg,train,healthy,1659,1659,2f380eac7c6c5f53c6a7ca69b5ff8722b57cae093d2d2e8e20df45120c40073e,included,,fit,720,quarantine
Rice_Leaf_Diease/Rice_Leaf_Diease/train/healthy/more_2761eb72e0564510739cf3a513c6e8c82f195d082a6defbd15a85c96485b716d.jpg,train,healthy,2705,2705,c8be7743b945a259d46dfe2295e88a799046a4d9cb50b8b3f37456aade8d37b1,included,,fit,825,quarantine
Rice_Leaf_Diease/Rice_Leaf_Diease/train/healthy/more_2b6d2a9ac44268205916d44e70150cb50c4ce65a84b77c55cb6739ac87b57d1b.jpg,train,healthy,1918,1918,eb44ec66b75a0443d39389e0f78fe1280c90a2b0ed02710fc5044cce27a8d2c6,included,,validation,773,quarantine
Rice_Leaf_Diease/Rice_Leaf_Diease/train/healthy/more_2d0c255143da0e038fd97fd9133f8dfb1f1fc045ca6924478e8d3e28bf3dc7a6.jpg,train,healthy,2340,2340,7d68cc4ae6e53d14613bf3b9ef7f2ce78283cb287df72cb01c6110d2cb4c50c7,included,,fit,847,quarantine
Rice_Leaf_Diease/Rice_Leaf_Diease/train/healthy/more_2fec2835952d24ab3836fd597312ab27c157402b84a22a28d3af48eed61b21b6.jpg,train,healthy,1935,1935,55459a9494297827e5027b90c7578594ae5279985e3fca4492ca997bb96ba370,included,,fit,812,quarantine
Rice_Leaf_Diease/Rice_Leaf_Diease/train/healthy/more_39e88361cefb81907b89d1909fc3b9bf903aff0bf346beeef02e1ef588b7921f.jpg,train,healthy,1720,1720,49069d86a270bb2b1d5bd34a054291c321e8d0114d88df3bd97a7afd2e5f7a21,included,,fit,837,quarantine
Rice_Leaf_Diease/Rice_Leaf_Diease/train/healthy/more_39e92b8afcbe11a05ec49bb22a20b37e39e705ad5dc22a3e4b772201a719370d.jpg,train,healthy,2590,2590,1275821a83ec56f7f95d399806dcf54b6f7a70c2405d291dc05b42293528544d,included,,validation,819,quarantine
Rice_Leaf_Diease/Rice_Leaf_Diease/train/healthy/more_3b77a2ad4d09bc7515640ef683e8dfa1e85547303aa19349aa003b6ec9ff2984.jpg,train,healthy,1677,1677,47ae077e8b651b483de7a7ddc6bb5d93e8d6ed732e102674a93fc97d301e9d83,included,,fit,764,quarantine
Rice_Leaf_Diease/Rice_Leaf_Diease/train/healthy/more_3d775b4607a45238bc444aa5218a64145b57aa2b5a7ffdc68d76c851689a7332.jpg,train,healthy,1505,1505,a325d446630389c76703ad551219217f26e5ec9e5e2e4e3e48eeab2f2ba3491a,included,,fit,736,quarantine
Rice_Leaf_Diease/Rice_Leaf_Diease/train/healthy/more_40d0d7660ba2657372e33d0f38d743d05d6e4fa6dcfee285ee3f3c83081b8697.jpg,train,healthy,2360,2360,a03c094b2b9490e9dcb8547e2ad5edaaee15494f83cac35c0120b443d4f54ae9,included,,fit,875,quarantine
Rice_Leaf_Diease/Rice_Leaf_Diease/train/healthy/more_45e51d3f6a9468adea0b84fa384f81e40eb619293bce6ef36e07c82ba55e7d5d.jpg,train,healthy,1881,1881,030c7ba561cd0c999a40ad2f54a0b5bc0712fb8a80daa5e2b51845beb41b36f7,included,,validation,703,quarantine
Rice_Leaf_Diease/Rice_Leaf_Diease/train/healthy/more_4ae0a697d33cc7f780af89419386df9e1165d944f2dd16177fa05607a33a3895.jpg,train,healthy,2029,2029,6f6cc31b4f1b93437a9eafdf59d97d7c606ebe34c51c3ffdce8249498d024344,included,,fit,879,quarantine
Rice_Leaf_Diease/Rice_Leaf_Diease/train/healthy/more_52599481235d24e8bebda82d70920d831910f0eede7b66615c48ff97543d42f8.jpg,train,healthy,3120,3120,3e40d9ed1ac4e59dfff4dd54e7bfb9687b71315e86eeee6975709ee9dbf2edd7,included,,fit,746,quarantine
Rice_Leaf_Diease/Rice_Leaf_Diease/train/healthy/more_59362ad9aa91cf03bdd6e9e3d2db28d89dda6882ffce33d4ce31525d2033700b.jpg,train,healthy,2028,2028,7e0f667fc771409754f76d7241f011f99e9aa7eb6bc073e65605c2277bf5a28a,included,,fit,821,quarantine
Rice_Leaf_Diease/Rice_Leaf_Diease/train/healthy/more_5d8c9b3343ac5c5c1f8e7f29a49198856baa49e9f088ba2b919a35b0172cd742.jpg,train,healthy,2256,2256,1b78418cd5d0760ed6a355810076381c28f5f72ae8ae8314b14c843256f073e9,included,,fit,891,quarantine
Rice_Leaf_Diease/Rice_Leaf_Diease/train/healthy/more_62c3c6e856ff619163e7b4f78ce2f7c7863e078465bea7f313d2d9d2eb34358e.jpg,train,healthy,1898,1898,63cf23676a6b0c40ea324637dca7427ee89447dcbfca0d18476e512242bd73d0,included,,validation,779,quarantine
Rice_Leaf_Diease/Rice_Leaf_Diease/train/healthy/more_640c9a5806b755b35837dd6372070a4bf436686b219f60e82709b0886ddabddb.jpg,train,healthy,1885,1885,69e7e47ad25af4783e93c10f7b58a69e4ee4c2f0bb499e2558369c0783d023d0,included,,fit,845,quarantine
Rice_Leaf_Diease/Rice_Leaf_Diease/train/healthy/more_64d45d0ae71cd901a57acd5eb7077b6c11f7c27b0ba2dadcda7322138b1e7e3b.jpg,train,healthy,1538,1538,32eef7e5d81e48a79ae6b9a0ba19cd1ef94b343cfc289b78e79f0dcd21008ca1,included,,fit,675,quarantine
Rice_Leaf_Diease/Rice_Leaf_Diease/train/healthy/more_6766154a63e09a776414b524f2b5e90902099df550aa62af4cda1ca464ec1ef9.jpg,train,healthy,1750,1750,b5199a112a06378f95d2f2cd0e7ac2f4f63f7de08378227b2582dbf556c15f7b,included,,fit,914,quarantine
Rice_Leaf_Diease/Rice_Leaf_Diease/train/healthy/more_6dea15c7eb4a8248afe39887722a76b7e20851b4c69c2a9cdb8c172420050ed3.jpg,train,healthy,3120,3120,90928dc2c62e276b9ab838b91dfbc08d78afe33f9ea042843a632c3c1ebb55c6,included,,fit,831,quarantine
Rice_Leaf_Diease/Rice_Leaf_Diease/train/healthy/more_70d93d6f85bc64919e62981dc58e4e3e16077018ac1f79042178ba6a88891bc7.jpg,train,healthy,1200,1600,9cdd3c03aefaf35ff76a9186f87354a384d2a6a9a7d5af615581a68455af30f5,included,,fit,1015,quarantine
Rice_Leaf_Diease/Rice_Leaf_Diease/train/healthy/more_70f34998fc930c973cc9929106db4ded88ede59b1f2f999d27c788b4f48da339.jpg,train,healthy,2191,2191,cc33e5a1cbbc605733c357adf97e5289af3325bfbdbfefa29c68b5995b5758c6,included,,validation,755,quarantine
Rice_Leaf_Diease/Rice_Leaf_Diease/train/healthy/more_75cdcc6030068146056108d84c057267c26b81fc1e8fd3e04c4e3b9a42d00fb3.jpg,train,healthy,2340,2339,1a76c2d2d35936130c6c227ae3d6211ac68a860c4cb3f2ce7002f7bf9cb77120,included,,fit,803,quarantine
Rice_Leaf_Diease/Rice_Leaf_Diease/train/healthy/more_77dea6b49d07444ce5c2a905358dd13e44e629d088830efdacfca9862a36f9c5.jpg,train,healthy,2169,2169,2eeb468a4e5954d4a24940cc70033b787ba00918c77040cecd0062d732f92f08,included,,fit,727,quarantine
Rice_Leaf_Diease/Rice_Leaf_Diease/train/healthy/more_84c349431a32c0110336aef9fb8b6cbaf1df76be6889dd048f861fc4849c4690.jpg,train,healthy,1671,1671,e73f24a07d7854e4b091da837afc3a478a85da7a9789dc8b51793573dda6530c,included,,fit,814,quarantine
Rice_Leaf_Diease/Rice_Leaf_Diease/train/healthy/more_85e28fbee899f3e88677495a9b7414ef9dab01325b3b88115b36a0fb54f39c70.jpg,train,healthy,1781,1781,25a619a0de230bc0597d6e8973b87adce91aa56cf343cbe3871d7cc6e5575772,included,,validation,776,quarantine
Rice_Leaf_Diease/Rice_Leaf_Diease/train/healthy/more_8bb3285d32dcc00ed21ecedeb3cb593205781ca2b0e20af7046bc78d6bb9c829.jpg,train,healthy,3120,3120,bc7b8e079c2c64fbd7043fe4b3dd1879f61b6f5f1e2169922c70532f1c83b51b,included,,validation,929,quarantine
Rice_Leaf_Diease/Rice_Leaf_Diease/train/healthy/more_8d72ccdafbc8e21f2b62f29bdf9080ce0e7a290e509fa9aff01f709f0cb86e62.jpg,train,healthy,2007,2007,63765e434955fd0734ebac3624af60ad7efefd4f384c8cae27943909e3cb5bfc,included,,validation,913,quarantine
Rice_Leaf_Diease/Rice_Leaf_Diease/train/healthy/more_92af4597627c98cc8ae0ad184ac3cbb342e434151170acb4be2ae84230e2f8ac.jpg,train,healthy,1784,1784,0de9b24bc2d576be8f99ac733b8db8a22dbcb8fe72c179008e861e9d49e4dc5f,included,,validation,794,quarantine
Rice_Leaf_Diease/Rice_Leaf_Diease/train/healthy/more_93f79e41870fd2ed797b4103fbbd84219b016280ebe266af1db6b2f84a43e06d.jpg,train,healthy,1858,1858,5fc8aecf10b104873d183e7619316541b93cd56a4697b2bf67ff58bbd4a11c3c,included,,fit,852,quarantine
Rice_Leaf_Diease/Rice_Leaf_Diease/train/healthy/more_94fe2f8a77111b2f91fddd9db47470a0a104b1e91f3b5cfe50fa636152701b99.jpg,train,healthy,1611,1611,7613c519f0eef086ceec91ecf156af886adf807c441e1fd25341c9a19a8e8957,included,,fit,795,quarantine
Rice_Leaf_Diease/Rice_Leaf_Diease/train/healthy/more_98aa738ed7e6a8eededec14879feb06ebd89d4f8f5231c4ea403d2d5e67b5082.jpg,train,healthy,1878,1878,ebaaf36ba408ae3f66e76f3d37b0ddc032d1a9c57efc68559d3b2f348d2b3df7,included,,fit,904,quarantine
Rice_Leaf_Diease/Rice_Leaf_Diease/train/healthy/more_a0ba6088a035c189e804a54cbc9c3817c7a6ad1c627cf06978c4330e45ed4cde.jpg,train,healthy,1725,1725,3142633a5d2b34f71a124c347aebe8321dd2598556d82c511fbfb3dc56caf2c6,included,,fit,683,quarantine
Rice_Leaf_Diease/Rice_Leaf_Diease/train/healthy/more_a1d0f15478a68e6af50fe1c7e84973982542c5757681c46fd81a15b1061408e7.jpg,train,healthy,2681,2681,099c26bb16a159e463e9ab656941592daa67ce9823eb66d3afe8fcca101565e8,included,,fit,867,quarantine
Rice_Leaf_Diease/Rice_Leaf_Diease/train/healthy/more_a8af3102c4f37111fa44f11a86845e6f41e79a4d616eb1588fb39cfeecd7ced0.jpg,train,healthy,1200,1600,b126de119fb49701aa4d5f6a3abbe4318bf0489940f93b0809e3b92796811594,included,,fit,8693,quarantine
Rice_Leaf_Diease/Rice_Leaf_Diease/train/healthy/more_adb1a60c16c5099c3420df26960f4a29812606870c338390cc7055cce282fe87.jpg,train,healthy,1897,1897,6efe99e9458c833beda1b59c3565d27cdd684410179e59ea9eefb43efbee5b18,included,,validation,811,quarantine
Rice_Leaf_Diease/Rice_Leaf_Diease/train/healthy/more_b1e16b086ea6873fd85beb2b9d93a0e98b44bc86f1bec5fb8ad84e886ab1e81e.jpg,train,healthy,1853,1853,9c64f1cc1ec328d6698e5f22dd7f69ed26bce503956d895e78ff36169eb5b688,included,,fit,778,quarantine
Rice_Leaf_Diease/Rice_Leaf_Diease/train/healthy/more_b9120d956c183f05b882cd63d929c41f00a8c521db9aae754ffcc04bd9b23ac9.jpg,train,healthy,2283,2283,b4845e51b30311bd133de4dac1332360f5932e723c6b5966c95a661e7644f6ca,included,,validation,807,quarantine
Rice_Leaf_Diease/Rice_Leaf_Diease/train/healthy/more_ba1a4b14c2d4cedf660ca12e44ec4441460eb798d3ba8662b2fd4b863cfe5561.jpg,train,healthy,2500,2500,41c61b2c2f25b2090bc1b67f65221068c0b8624fb3c8a532775748b35b56c920,included,,fit,943,quarantine
Rice_Leaf_Diease/Rice_Leaf_Diease/train/healthy/more_bcdc26982b73b88f0bbc7a28578ae4970c02a3a515a09723350b7bd447f0ad4e.jpg,train,healthy,1275,1275,5064d1c1371117b8c80f8a88c658d8f15e724da69e2c72eb13f956965a1a9d65,included,,validation,723,quarantine
Rice_Leaf_Diease/Rice_Leaf_Diease/train/healthy/more_bef4e95a8a335a43abe2b0af443c9d75e56c97c75b8ccc5ca0fd3e5f28f1e248.jpg,train,healthy,1904,1904,0ae0ae330379581e71b172c0e48d62cdf289722ea7fa265ffa237d19d34da4ec,included,,fit,861,quarantine
Rice_Leaf_Diease/Rice_Leaf_Diease/train/healthy/more_bf4eb6c86acc6e8840ded5f0eda79773d106fccd911fd6353c8c956e5e058641.jpg,train,healthy,2400,2400,30df6726c5e6ce3034432ceb7b4d0f3c0b89ff41ccde1f8a67772db705b4f59d,included,,fit,791,quarantine
Rice_Leaf_Diease/Rice_Leaf_Diease/train/healthy/more_c27ad7199b886965b85ea7c233964be298e445e4de9c1fc28623257dcca5bcee.jpg,train,healthy,2196,2196,0682138162b9a0849f02cae85ca97276a79961a35c950151738d173626e4565f,included,,fit,799,quarantine
Rice_Leaf_Diease/Rice_Leaf_Diease/train/healthy/more_cc50ca8fdb07dab546f4794ee90dacc71a97ffc910115fb1e48749db7a2ad393.jpg,train,healthy,2273,2273,c51d217ae2cdefff34cf70de7e80bb26152c785fb91b03bffd74aee74833e9c4,included,,fit,933,quarantine
Rice_Leaf_Diease/Rice_Leaf_Diease/train/healthy/more_d46812f8fa284c5e615a17cb97fc613794e09e71e2576bbe8c29aa1c6c3dd83f.jpg,train,healthy,2330,2330,154716e8d040130bc261d281a43cfb9ba084e87a56438632bd85fda50e01ad2e,included,,fit,766,quarantine
Rice_Leaf_Diease/Rice_Leaf_Diease/train/healthy/more_d64791ff811feac50b8e0d2a5d3019e0817314f01554bf03e9ee7f542c4e57ae.jpg,train,healthy,3120,3120,405cf1b7b9decc2b05104147e77f6d536751d8bcdf0de7269d5e8b087943d92c,included,,fit,752,quarantine
Rice_Leaf_Diease/Rice_Leaf_Diease/train/healthy/more_dbd4b3aace847260367fb40fc58ed1121d2898695f600cab6e518a939d9091da.jpg,train,healthy,1572,1572,79dd498d19a81d1e18eb975ced91598d512d5f432e69a7c095b497352a9e3e86,included,,fit,783,quarantine
Rice_Leaf_Diease/Rice_Leaf_Diease/train/healthy/more_e2044c4ed5cb225c66447e18804009e2f86d747f8ca4acc6351dd173087151af.jpg,train,healthy,3120,3120,23d42d13f272c1a832d06c1e2618681c2fe76d1ed92d3808f9a2b324cf269359,included,,validation,828,quarantine
Rice_Leaf_Diease/Rice_Leaf_Diease/train/healthy/more_ee76ec5d6cd75db79169a28f550b27bbd5a76215979e788094bcbae4b7b51d33.jpg,train,healthy,3120,3120,9fc03108e99f8d5f3a8cab0d2fd72f347634df52778998571cf0f922388b7960,included,,fit,739,quarantine
Rice_Leaf_Diease/Rice_Leaf_Diease/train/healthy/more_f63d6c124ec2c4e981aedca5a95bff3173456f055887617100e1150cea3c5445.jpg,train,healthy,1847,1847,1d4f07020d2f818c41b679ca78906e7a98de8e6a49dd3ae05dfbb778357c44cc,included,,fit,729,quarantine
Rice_Leaf_Diease/Rice_Leaf_Diease/train/healthy/more_f6cc11ed6cd5023b3087bc2a66ff3d8a9de0527def569b0c8508c70358480798.jpg,train,healthy,1904,1904,008836e1833f8ab145d18ac8142b8aaca98f5d87a05522abef424f0a972cb3d4,included,,fit,711,quarantine
Rice_Leaf_Diease/Rice_Leaf_Diease/train/healthy/more_fabec258aa6edf5a350e5ec4189ad503204fbaf75b4598ee1fc954d36e82ea42.jpg,train,healthy,2598,2598,9405696685c524d7e804f01ca2d42685afe6ef51939f0f1f9f879998dd793940,included,,fit,936,quarantine
Rice_Leaf_Diease/Rice_Leaf_Diease/train/healthy/more_fcd10db27faab5d49e79dc8ae38bcfa23f71d28b23d317ceacfc59b28eb1f970.jpg,train,healthy,2330,2330,a830f1c0585b81568d8a15b4c369aa95ff3e07192325b44ac71771e8d2ef6002,included,,fit,754,quarantine
Rice_Leaf_Diease/Rice_Leaf_Diease/train/leaf_blast/leaf_blast1005.jpg,train,leaf_blast,1600,1600,45be7973c558d6ae6a00e5c37b2ab2259736bf3fc79c0fc682b4219bfa5665f8,included,,fit,1407,quarantine
Rice_Leaf_Diease/Rice_Leaf_Diease/train/leaf_blast/leaf_blast1019.jpg,train,leaf_blast,1600,1600,38672e17b8ba8163faa601e4d1c71fecbff2e0e32a7b3bb5941480374b74a654,included,,fit,5818,quarantine
Rice_Leaf_Diease/Rice_Leaf_Diease/train/leaf_blast/leaf_blast1086.jpg,train,leaf_blast,1600,1600,74c94b1ff33224bad85eef9178a7d63e462f53deaf38e613061d113a8b15e164,included,,fit,9101,quarantine
Rice_Leaf_Diease/Rice_Leaf_Diease/train/leaf_blast/leaf_blast1099.jpg,train,leaf_blast,1600,1600,f74d1277f6d92aa8b41b56e601fbb3cd2ba06f735ad32e50ad8e5394edbdb809,included,,fit,2553,quarantine
Rice_Leaf_Diease/Rice_Leaf_Diease/train/leaf_blast/leaf_blast1108.jpg,train,leaf_blast,1600,1600,056eb4fb199f1a7d4393a324f1b27404527e26018854cf3a6b11389e564e16d9,included,,fit,9126,quarantine
Rice_Leaf_Diease/Rice_Leaf_Diease/train/leaf_blast/leaf_blast1132.jpg,train,leaf_blast,1600,1600,bf1ef147801ecbd6cdcf4358177a2f3f600b5ab1be0a6703bc7c695038c38ef6,included,,fit,5818,quarantine
Rice_Leaf_Diease/Rice_Leaf_Diease/train/leaf_blast/leaf_blast1149.jpg,train,leaf_blast,1600,1600,1002f5609dc24810f45df02cd296e37a8b0e1018f401ef9ddbbb3b1509b9fc49,included,,fit,9171,quarantine
Rice_Leaf_Diease/Rice_Leaf_Diease/train/leaf_blast/leaf_blast116.jpg,train,leaf_blast,1600,1600,713f2d78158b7ecf48301422a0045114b7e8238fa648e24732af7aa29e506e92,included,,fit,1332,quarantine
Rice_Leaf_Diease/Rice_Leaf_Diease/train/leaf_blast/leaf_blast1163.jpg,train,leaf_blast,1600,1600,8d7050af8687bd172ae9c10f6dd628a23f88cb496b9eb5e48da18f10da5cb6f5,included,,validation,5818,quarantine
Rice_Leaf_Diease/Rice_Leaf_Diease/train/leaf_blast/leaf_blast1205.jpg,train,leaf_blast,1600,1600,d38651d2687332c48198fc77500266039ecfa2b02345e89d57d988f80d0c6a5e,included,,fit,9101,quarantine
Rice_Leaf_Diease/Rice_Leaf_Diease/train/leaf_blast/leaf_blast1206.jpg,train,leaf_blast,1600,1600,5f09da8a792ebcbe75a0c99f56c7b1f9edc3b08160488cdc9a68075e04ba46a8,included,,fit,1565,quarantine
Rice_Leaf_Diease/Rice_Leaf_Diease/train/leaf_blast/leaf_blast1288.jpg,train,leaf_blast,1600,1600,ec9469a96406c58418b000e3b584983025ed0006ffaa71512d73892f66fdee7b,included,,fit,9325,quarantine
Rice_Leaf_Diease/Rice_Leaf_Diease/train/leaf_blast/leaf_blast1296.jpg,train,leaf_blast,1600,1600,554d6cbaf4bf5c9a8e6cd6ec90bda2b7c1f99be3536c8f9637addbe7e69c6a30,included,,validation,5818,quarantine
Rice_Leaf_Diease/Rice_Leaf_Diease/train/leaf_blast/leaf_blast1302.jpg,train,leaf_blast,1600,1600,587be41649fdd83968aadfbc107f71e3265f616db3b50763fa70dd0c18c5a497,included,,fit,1332,quarantine
Rice_Leaf_Diease/Rice_Leaf_Diease/train/leaf_blast/leaf_blast1325.jpg,train,leaf_blast,1600,1600,7a2bfb59ad20f46e2d15fb4dc3472cc3829c296806cb79bd7d265412048927bf,included,,fit,9010,quarantine
Rice_Leaf_Diease/Rice_Leaf_Diease/train/leaf_blast/leaf_blast1430.jpg,train,leaf_blast,1600,1600,cfbefd9fa96519409ba3cdca6ba8ff3504ee6421b3920f4e65cb92debc9e3b4d,included,,fit,5818,quarantine
Rice_Leaf_Diease/Rice_Leaf_Diease/train/leaf_blast/leaf_blast1463.jpg,train,leaf_blast,1600,1600,141f75f1fb06f6f42ddba1290a5acd6a94f4f3a9026236ee6fbeb2fe9231b37b,included,,fit,1356,quarantine
Rice_Leaf_Diease/Rice_Leaf_Diease/train/leaf_blast/leaf_blast1485.jpg,train,leaf_blast,1600,1600,227028412c1fc519d46007ad2e8915f96d01eb8d9c6078db9479e80ecdba6065,included,,fit,1348,quarantine
Rice_Leaf_Diease/Rice_Leaf_Diease/train/leaf_blast/leaf_blast1521.jpg,train,leaf_blast,1600,1600,b8e7ccfbcb82a46a66e9d44b99ebc99daa65a63fe62ffaf609563d979367d2e3,included,,fit,5818,quarantine
Rice_Leaf_Diease/Rice_Leaf_Diease/train/leaf_blast/leaf_blast1549.jpg,train,leaf_blast,1600,1600,49dff5a6e147c02e88682e01df0b4370cc48b27156ab18a76046015954f5ce2e,included,,fit,9131,quarantine
Rice_Leaf_Diease/Rice_Leaf_Diease/train/leaf_blast/leaf_blast1583.jpg,train,leaf_blast,1600,1600,1ffc23753dde748fab23ab0d0d4b720b6eff88b6486733c1cd0f519602a30726,included,,fit,5818,quarantine
Rice_Leaf_Diease/Rice_Leaf_Diease/train/leaf_blast/leaf_blast1621.jpg,train,leaf_blast,1600,1600,ce04a7cdade49b8ef398d01bcba343bb299f0d8f6373395d1b33de0f2c909242,included,,fit,9696,quarantine
Rice_Leaf_Diease/Rice_Leaf_Diease/train/leaf_blast/leaf_blast1628.jpg,train,leaf_blast,1600,1600,e18216484581ef1d4a8832ad9b178a218e6f57661f8561485ee1d960332eba49,included,,fit,9703,quarantine
Rice_Leaf_Diease/Rice_Leaf_Diease/train/leaf_blast/leaf_blast1647.jpg,train,leaf_blast,1600,1600,fd443063bce4686e05d70fc13068f75e2a6eb5246b74eb994da8abd319d97708,included,,fit,5818,quarantine
Rice_Leaf_Diease/Rice_Leaf_Diease/train/leaf_blast/leaf_blast1673.jpg,train,leaf_blast,1600,1600,2ffc422770eeecaea4e388e150b7decf6eb6241c54cc2cd378dbe590032a22ac,included,,fit,1600,quarantine
Rice_Leaf_Diease/Rice_Leaf_Diease/train/leaf_blast/leaf_blast1701.jpg,train,leaf_blast,1600,1600,b74a263803af24a0e71c251a6e0b8012808589aefd2f5e50fe7be6402f186152,included,,fit,5818,quarantine
Rice_Leaf_Diease/Rice_Leaf_Diease/train/leaf_blast/leaf_blast1738.jpg,train,leaf_blast,1600,1600,549091bc83b21ac71b5b1d1dd35d2f96f5f41a865aeeeb1820bad6957f02cc3b,included,,fit,10326,quarantine
Rice_Leaf_Diease/Rice_Leaf_Diease/train/leaf_blast/leaf_blast1750.jpg,train,leaf_blast,1600,1600,df72008d61851c2518238aeeff235f4e6ee3987e623e2bf09f0e9717adcf96fb,included,,validation,5818,quarantine
Rice_Leaf_Diease/Rice_Leaf_Diease/train/leaf_blast/leaf_blast1789.jpg,train,leaf_blast,1600,1600,2c6e74549ac49bc66a6a78332b49aaf2986e68113a4b0d291d662188f8a53ea6,included,,fit,9832,quarantine
Rice_Leaf_Diease/Rice_Leaf_Diease/train/leaf_blast/leaf_blast1798.jpg,train,leaf_blast,1600,1600,41152c1934965e436cf3d77f99ceeebfa2116e1547a1734c7dcfee16b5f090e0,included,,fit,9891,quarantine
Rice_Leaf_Diease/Rice_Leaf_Diease/train/leaf_blast/leaf_blast253.jpg,train,leaf_blast,1600,1600,f8d93d65b87aa43e9fa9d15e2d9628c4c529ee0153b6512a0089032f6892901e,included,,fit,9976,quarantine
Rice_Leaf_Diease/Rice_Leaf_Diease/train/leaf_blast/leaf_blast254.jpg,train,leaf_blast,1600,1600,515073db8a7c7a31dc7611ba78b40ff7f6ae23826683c9c000a973777dcbe36c,included,,fit,5818,quarantine
Rice_Leaf_Diease/Rice_Leaf_Diease/train/leaf_blast/leaf_blast275.jpg,train,leaf_blast,1600,1600,7f820f5cfea006774f7124774b7be8999a4af338401f751e3fe74c1f1a847f58,included,,fit,5818,quarantine
Rice_Leaf_Diease/Rice_Leaf_Diease/train/leaf_blast/leaf_blast322.jpg,train,leaf_blast,1600,1600,9cd255f495f652f7fa71146ff423d2cffc245fe244f4ff0b73b938f083d0d5b4,included,,fit,5818,quarantine
Rice_Leaf_Diease/Rice_Leaf_Diease/train/leaf_blast/leaf_blast342.jpg,train,leaf_blast,1600,1600,9d40c439869fdd17d05b4465a5f75ebb9b6f8a687a31669446d5aec53a661ce2,included,,fit,1605,quarantine
Rice_Leaf_Diease/Rice_Leaf_Diease/train/leaf_blast/leaf_blast347.jpg,train,leaf_blast,1600,1600,fd8c8eb63527adc096dce896e23f88b18a440434d953617af67efa9f0f2266da,included,,validation,1347,quarantine
Rice_Leaf_Diease/Rice_Leaf_Diease/train/leaf_blast/leaf_blast40.jpg,train,leaf_blast,1600,1600,7737e347d23b4286def66999d9b5c13915b79a16d7f5e37106a94ff17f6506e5,included,,fit,5818,quarantine
Rice_Leaf_Diease/Rice_Leaf_Diease/train/leaf_blast/leaf_blast42.jpg,train,leaf_blast,1600,1600,3b3105dd806d3228e6c18145e9049ccb4a25385c55aeea4bb2539bb607df4eee,included,,fit,10161,quarantine
Rice_Leaf_Diease/Rice_Leaf_Diease/train/leaf_blast/leaf_blast424.jpg,train,leaf_blast,1600,1600,8169da161e872682b872b731f0bb9563356708da6580e1641a13d8b2040429ec,included,,fit,5818,quarantine
Rice_Leaf_Diease/Rice_Leaf_Diease/train/leaf_blast/leaf_blast426.jpg,train,leaf_blast,1600,1600,ae51860363d4da0946d2fc058fcc0c03799deb46238fe9e1f2fe0bcdf5453aaa,included,,fit,9325,quarantine
Rice_Leaf_Diease/Rice_Leaf_Diease/train/leaf_blast/leaf_blast432.jpg,train,leaf_blast,1600,1600,8a448634cea2acb8b147e02abd252b422c1f443d753754b2e3ae619220c0d758,included,,fit,6437,quarantine
Rice_Leaf_Diease/Rice_Leaf_Diease/train/leaf_blast/leaf_blast446.jpg,train,leaf_blast,1600,1600,5eb58a85e61bfde5d4eb2ead53080736f08ff62212664fe22f9bd162de913410,included,,validation,1355,quarantine
Rice_Leaf_Diease/Rice_Leaf_Diease/train/leaf_blast/leaf_blast481.jpg,train,leaf_blast,1600,1600,19344dcff8cb7f3c2436f31b082c12b181e96bb07445c42f1b4ce1847009ecbd,included,,fit,5818,quarantine
Rice_Leaf_Diease/Rice_Leaf_Diease/train/leaf_blast/leaf_blast51.jpg,train,leaf_blast,1600,1600,c2ff3aab8ade1ee1c06d3426e4c9e6b65759ea68a1fbc474e56b0e5ca27d1cdf,included,,fit,1496,quarantine
Rice_Leaf_Diease/Rice_Leaf_Diease/train/leaf_blast/leaf_blast534.jpg,train,leaf_blast,1600,1600,ce12f059d043f7b0fbd74a74774090018c84aea1c993ad125bcc57ce1ad7ed97,included,,fit,10288,quarantine
Rice_Leaf_Diease/Rice_Leaf_Diease/train/leaf_blast/leaf_blast557.jpg,train,leaf_blast,1600,1600,a489b0ea80b832ec5e6680933ef6885a7daa9a6f7bcc833aab1ee8895d4cbb4d,included,,validation,5818,quarantine
Rice_Leaf_Diease/Rice_Leaf_Diease/train/leaf_blast/leaf_blast569.jpg,train,leaf_blast,1600,1600,e575a2c8898b792a95b2af67d4be9556bc9186ff5979ba65ac1614579cf0d00a,included,,fit,10326,quarantine
Rice_Leaf_Diease/Rice_Leaf_Diease/train/leaf_blast/leaf_blast573.jpg,train,leaf_blast,1600,1600,f10c04504c03bfeab413a8f69fa3557b3828fb203b6f51ddc08b3ad0350e9185,included,,fit,1491,quarantine
Rice_Leaf_Diease/Rice_Leaf_Diease/train/leaf_blast/leaf_blast574.jpg,train,leaf_blast,1600,1600,8015d18ffe78d12e3632aa1c279c76bac04d88cd53dbbbb14943e0a1e24602df,included,,fit,5818,quarantine
Rice_Leaf_Diease/Rice_Leaf_Diease/train/leaf_blast/leaf_blast578.jpg,train,leaf_blast,1600,1600,a493622ff11eb98d565db8bdb4939fbcfb0c709a31f28477a0d591070a604a5e,included,,validation,5818,quarantine
Rice_Leaf_Diease/Rice_Leaf_Diease/train/leaf_blast/leaf_blast580.jpg,train,leaf_blast,1600,1600,803e34c2b8ba93ac0fff55703dc3e4d8715634736d766cbd46ee1e9907f8deac,included,,fit,10161,quarantine
Rice_Leaf_Diease/Rice_Leaf_Diease/train/leaf_blast/leaf_blast627.jpg,train,leaf_blast,1600,1600,b786abf0211aa42fc1b48b694485218a978bad3f96bd1f2990065c896c62b282,included,,fit,5818,quarantine
Rice_Leaf_Diease/Rice_Leaf_Diease/train/leaf_blast/leaf_blast693.jpg,train,leaf_blast,1600,1600,e436ea5d2c0490b6a5914c523e5d8f69de29b99bc834bdaa5b0e2c38745b801e,included,,validation,5818,quarantine
Rice_Leaf_Diease/Rice_Leaf_Diease/train/leaf_blast/leaf_blast697.jpg,train,leaf_blast,1600,1600,7ada1e721f13ac1f15d0569030a8c49743fa7e509af96b729a6271561b6f6a72,included,,fit,7857,quarantine
Rice_Leaf_Diease/Rice_Leaf_Diease/train/leaf_blast/leaf_blast719.jpg,train,leaf_blast,1600,1600,8e3a00ed54a397031d14b82e7ede962affe60bd57df13be6d99c4b639e9591d1,included,,validation,5818,quarantine
Rice_Leaf_Diease/Rice_Leaf_Diease/train/leaf_blast/leaf_blast731.jpg,train,leaf_blast,1600,1600,f91ddd2aadcc58d94b172179d89fb372bf30ce375edc4f41dc75c58d17411381,included,,fit,9891,quarantine
Rice_Leaf_Diease/Rice_Leaf_Diease/train/leaf_blast/leaf_blast746.jpg,train,leaf_blast,1600,1600,1fb784a8c7c8a7527c3ce62320804d300f92c39b28fc6957587e4993d47e3c29,included,,fit,10326,quarantine
Rice_Leaf_Diease/Rice_Leaf_Diease/train/leaf_blast/leaf_blast782.jpg,train,leaf_blast,1600,1600,9c1552e036e775fd924a7357a631c55c0458cc223b5e3d30879d274d3c8e0a02,included,,fit,1491,quarantine
Rice_Leaf_Diease/Rice_Leaf_Diease/train/leaf_blast/leaf_blast790.jpg,train,leaf_blast,1600,1600,173400ab67ea98b832790c14369a9a5fbdd6190912584f469825b9c4a03fb54b,included,,fit,5818,quarantine
Rice_Leaf_Diease/Rice_Leaf_Diease/train/leaf_blast/leaf_blast8.jpg,train,leaf_blast,1600,1600,0131e0e8c08a92f73da4718ee879dcf5d6ad77a69d9b4e436539f9d68f4ed6f7,included,,validation,1356,quarantine
Rice_Leaf_Diease/Rice_Leaf_Diease/train/leaf_blast/leaf_blast813.jpg,train,leaf_blast,1600,1600,cd5111d594ffa8b7554101656f56f1d1b6fc30c4121458fcfe646dd82df4588a,included,,fit,10506,quarantine
Rice_Leaf_Diease/Rice_Leaf_Diease/train/leaf_blast/leaf_blast82.jpg,train,leaf_blast,1600,1600,ffcb0721318b755439ae888fd8c2125db124c92b721cdb233a305a01a0d29f06,included,,fit,5818,quarantine
Rice_Leaf_Diease/Rice_Leaf_Diease/train/leaf_blast/leaf_blast848.jpg,train,leaf_blast,1600,1600,23a430f401e49c60eef1611c62550ed65c16effa89904790b49095db26e5aa19,included,,fit,9325,quarantine
Rice_Leaf_Diease/Rice_Leaf_Diease/train/leaf_blast/leaf_blast865.jpg,train,leaf_blast,1600,1600,da9f5ffd5f2434004bfa98b7c4684991df17478ee32425042788df6e3235ee97,included,,validation,5818,quarantine
Rice_Leaf_Diease/Rice_Leaf_Diease/train/leaf_blast/leaf_blast894.jpg,train,leaf_blast,1600,1600,3cd6d395ff9e70e19a69d9d929cd7f9120704a1a29ac639600ffb05c566f0581,included,,fit,9923,quarantine
Rice_Leaf_Diease/Rice_Leaf_Diease/train/leaf_blast/leaf_blast923.jpg,train,leaf_blast,1600,1600,a83c9e0e2f01196326b69c0819c494e2ff37bbdf4994917e4ddf551f56f1df6e,included,,fit,5818,quarantine
Rice_Leaf_Diease/Rice_Leaf_Diease/train/leaf_blast/leaf_blast925.jpg,train,leaf_blast,1600,1600,e672c8b3f31d3e8504d9af0e0fc77d558ed992263243e6926f00ab4df0f0b533,included,,fit,5818,quarantine
Rice_Leaf_Diease/Rice_Leaf_Diease/train/leaf_blast/leaf_blast927.jpg,train,leaf_blast,1600,1600,71c5d9a34e604b593527ac6d63644e531c043e168c4b84df2372846f265185f1,included,,fit,10326,quarantine
Rice_Leaf_Diease/Rice_Leaf_Diease/train/leaf_blast/leaf_blast936.jpg,train,leaf_blast,1600,1600,9434a80b7b57ec96d53a2c960725d453a4fc8d5409c670c871374b06d9514bc8,included,,fit,10161,quarantine
Rice_Leaf_Diease/Rice_Leaf_Diease/train/leaf_blast/more_01786db59197fbe5dafa7f84f36acb106bae87d05fe3c72fa94eff803bfdcf47.jpg,train,leaf_blast,1881,1881,937ef8d5303d153fcb3ea056680aadb4ecabf2353a645a74f43999446cc134a6,included,,fit,1504,quarantine
Rice_Leaf_Diease/Rice_Leaf_Diease/train/leaf_blast/more_01a7373de3f612b29456e063f37d657e100aebe8018c2710f4f2ed17f60b9a5c.jpg,train,leaf_blast,2228,2228,4c2db2854369550ff718f084a841c823ac7ccbdb5c3e28fbe6c70e7460fa262e,included,,validation,1602,quarantine
Rice_Leaf_Diease/Rice_Leaf_Diease/train/leaf_blast/more_03b9cede4ff9a74354ee95246f2b378260b3130213f9d2b7a319ea870c3f086e.jpg,train,leaf_blast,1962,1962,32cddd65cc83f77905eb6d7757f6cd82e067bf28ea9ff2089ed6d328740a5f73,included,,validation,1565,quarantine
Rice_Leaf_Diease/Rice_Leaf_Diease/train/leaf_blast/more_0512e4c922f74e7e83dd622279ee04e99c8a8b9ee87349b1d02a93ac1368506c.jpg,train,leaf_blast,300,300,ed57f5ec3a65a77a6408827aa2c92b27112844392d4fa9a5bac6455f12dfb7b9,included,,fit,1784,quarantine
Rice_Leaf_Diease/Rice_Leaf_Diease/train/leaf_blast/more_06107ec5e5e9b3067142717eaab81ac7ce6fc3085677dbf1c1599f134474f0dd.jpg,train,leaf_blast,300,300,1b5ca4ff9b2e9c874122c724e167563455a939ad3f64384e585ba87bce732dba,included,,fit,1660,quarantine
Rice_Leaf_Diease/Rice_Leaf_Diease/train/leaf_blast/more_0670757aa8f3c7cc320f9f971511c35dbb42eded2dcf34c6c91676cdb95f6c12.jpg,train,leaf_blast,2217,2217,34a0fcf462cf4c6695eebf818f1c125cf9d4394aa350152bbd1f430e03af08fb,included,,validation,1604,quarantine
Rice_Leaf_Diease/Rice_Leaf_Diease/train/leaf_blast/more_0b915a2003a1b3ef4c4a3fca3930e7f3f8c1b2511de0d0b447b1a990f1cf6c23.jpg,train,leaf_blast,300,300,93d548d1ad27d64d508c4678370b86a6d13d75015daab82ca358c0e0fbdfc9dc,included,,fit,1685,quarantine
Rice_Leaf_Diease/Rice_Leaf_Diease/train/leaf_blast/more_0dfeebd3b8674ab15010ef41142fbadb29855a266fd6e60f1629c611938d221c.jpg,train,leaf_blast,1881,1881,9b4076d634231503acbbd8543019390bb1066e851fe1c8bc64c39bfc9367af58,included,,fit,1408,quarantine
Rice_Leaf_Diease/Rice_Leaf_Diease/train/leaf_blast/more_0ea2a1a7c1f88d92436b48baf561434477b275ac93fb71ce7d47ecb7b0d99d65.jpg,train,leaf_blast,1292,1292,9aa94e41989dfb7216e6c9f54eb2cf5dd50da1d018bc7b4a3ca1d1c335ef89b5,included,,validation,1465,quarantine
Rice_Leaf_Diease/Rice_Leaf_Diease/train/leaf_blast/more_12b5438eab927b99bef9aa4ffcdf7e49dba46d2062856e9b4be80e78e12fe06d.jpg,train,leaf_blast,2132,2132,6b474565e470991bd9bd3258a6f76f1aafbdba3863550a5f433eeccc177e565f,included,,validation,1477,quarantine
Rice_Leaf_Diease/Rice_Leaf_Diease/train/leaf_blast/more_12f5a6c9799d417018a906b6f7bbabd7198bf4d408e9a1f269d3b5ea79bd12eb.jpg,train,leaf_blast,1239,1239,bd515f09e8e1a239a58caa05f25b0353a67b31f2bde68146f613f375f9e7bd87,included,,validation,1485,quarantine
Rice_Leaf_Diease/Rice_Leaf_Diease/train/leaf_blast/more_15b732abddeafb783ef0886abc4854280789ef73d7cfbdfe430ceae53fcd266c.jpg,train,leaf_blast,1409,1409,6b674dc96b1904a904c7951e4167e5d273bb83110fd807ef506c9b177e2e1213,included,,validation,1556,quarantine
Rice_Leaf_Diease/Rice_Leaf_Diease/train/leaf_blast/more_1619195114196dc7726d97f13a75a0edb79b5594e67bdf87b50625133403745e.jpg,train,leaf_blast,1313,1313,93f80a94d3a3e0aade835b7a6f8cdef84171e77315780c17470d2e89092151be,included,,validation,1342,quarantine
Rice_Leaf_Diease/Rice_Leaf_Diease/train/leaf_blast/more_16d2863c7c35ac3119f30f843d3cade597a2b834acbcc8af1834efd6ded49555.jpg,train,leaf_blast,1066,1066,15d9e4877d31943819eb9b6276b9edf24ac1e90021e7af2a1f585394c36d1802,included,,fit,1547,quarantine
Rice_Leaf_Diease/Rice_Leaf_Diease/train/leaf_blast/more_16f90e7c670579a4eea4034f51acc7e612c53cc53ecc013d70c1f81a3cd35482.jpg,train,leaf_blast,300,300,c0b7698fb18fe6e6d91576bef0b2ac023deaa90a360785296a0e82d2ed590dc4,included,,fit,1763,quarantine
Rice_Leaf_Diease/Rice_Leaf_Diease/train/leaf_blast/more_170651ee7d511e353ba3970bc534ad0c626e65ffcc19baedbd3b66fb99750645.jpg,train,leaf_blast,300,300,0750463597e5bc0240db16d57eb6e30e1aa49b084ac1b722ddf2172d084034b5,included,,validation,1625,quarantine
Rice_Leaf_Diease/Rice_Leaf_Diease/train/leaf_blast/more_185325b6a2ab3a293a7518ec585b36a55a784230d87bdef47f335475b2ba4156.jpg,train,leaf_blast,1196,1196,77bab21d8fcb14d327572447ce9f7a8fc7db2957bda84d960b255a11180741ca,included,,fit,1440,quarantine
Rice_Leaf_Diease/Rice_Leaf_Diease/train/leaf_blast/more_1aa89d230971dbad6fa6bc4d86cf0862fdab6eac8ff4bfb1c67c6787f17c5915.jpg,train,leaf_blast,1741,1741,5692ee1932ab462604ceec43d854dd91de17f57f07aa94aedb10e446a33e9c9e,included,,fit,1486,quarantine
Rice_Leaf_Diease/Rice_Leaf_Diease/train/leaf_blast/more_1bebd6786848dd2ec13ab7f35babf32bf3a278d9705967e3698d4cca22afe975.jpg,train,leaf_blast,224,224,748fef86aa1940a1323f3ce5f0553055a63bcc564fbabf4e13aacfb7d0dc5426,included,,fit,1859,quarantine
Rice_Leaf_Diease/Rice_Leaf_Diease/train/leaf_blast/more_246b71b5cdd0195c72022761cb1da243d05006b8328f7d90cff3b9cf50e238ea.jpg,train,leaf_blast,1533,1533,3ce11e5123491169f8a61e8c7e7b8a041df495e8d57c8edc5a0c8b5550120942,included,,fit,1385,quarantine
Rice_Leaf_Diease/Rice_Leaf_Diease/train/leaf_blast/more_278f86062008cec9b667113b74d04a2a871a682c91cef714292cdbd831f45361.jpg,train,leaf_blast,300,300,0caae27c0144b5d307eff2a9bf51389710d4d799dd86604c5882eb74ea11327d,included,,validation,1719,quarantine
Rice_Leaf_Diease/Rice_Leaf_Diease/train/leaf_blast/more_27fc4941cd48f9bf0952f6c41dddd3ffa5269e5607d477c98421c72ad3496486.jpg,train,leaf_blast,1881,1881,02559a964ff32f57b3e1ed71389641ff4298a5b718b52e3106fc4c19aba35c08,included,,validation,1431,quarantine
Rice_Leaf_Diease/Rice_Leaf_Diease/train/leaf_blast/more_2dede74192759e6019c7dd12eb66bb6d8451c24c4113efdee5e91ae564657701.jpg,train,leaf_blast,224,224,c33fa9a91a867617ff88f9bc242ccfacd374fe9e0359242b5406c3524a6be02e,included,,validation,1661,quarantine
Rice_Leaf_Diease/Rice_Leaf_Diease/train/leaf_blast/more_30991795bbd7641835165a625de119964b63ea30c5d30e4d1e7f56cc5e8d7c9a.jpg,train,leaf_blast,1860,1860,c7d74c688f9759ae6903524e718d4d89ea679b62705105998900e8dd511a49f4,included,,validation,1389,quarantine
Rice_Leaf_Diease/Rice_Leaf_Diease/train/leaf_blast/more_314ed07793ee61b24b90e9a9642706fe998cd4038966e5b003e825139038cebe.jpg,train,leaf_blast,1300,1300,bf5dfb7165c181e762222cd98c9de3466795b704c664e5030ddb501da142cdb5,included,,fit,1472,quarantine
Rice_Leaf_Diease/Rice_Leaf_Diease/train/leaf_blast/more_32c21966e982b4cdc0ed7e9a1334a1174fe2945d59d00e203703d0b9df22a56c.jpg,train,leaf_blast,1000,1000,5bbf494c129ce88ebc9fccaeb8d8b4ee13748302745c8c842e8172e89f1d02cd,included,,fit,1474,quarantine
Rice_Leaf_Diease/Rice_Leaf_Diease/train/leaf_blast/more_3316f42a016583417752d62cd2d4082bb5c6c33c6f3806d10164fde5f444c45d.jpg,train,leaf_blast,300,300,7e5658651a4adf775f4b378e8283ea5a28559baed253b39bf5cfb4ac56c35950,included,,fit,10987,quarantine
Rice_Leaf_Diease/Rice_Leaf_Diease/train/leaf_blast/more_345da77a80886040ca4b8562c7d07b31a083ac3fb7b648e44fa129010fe0b3d9.jpg,train,leaf_blast,1257,1257,f8c978be4b3d8420c05f28f864cb9e814aca85f57f9e9dba92b4b4a98af50fab,included,,fit,1512,quarantine
Rice_Leaf_Diease/Rice_Leaf_Diease/train/leaf_blast/more_363c989503c660ec849e41050258c09c5b95826acbe4e6d691fdf69b35ae0919.jpg,train,leaf_blast,1306,1306,1a7adbad9303a360aaad7728dff8395c80f260e37d40e4d2a996c0271eda349b,included,,fit,1324,quarantine
Rice_Leaf_Diease/Rice_Leaf_Diease/train/leaf_blast/more_3924bdf489720c159799a757c44ef863433379dcc38c570a937c4a55d9938883.jpg,train,leaf_blast,879,879,319a16dc605787b1bd585e7d4b3e4d2e133e53adcbbeac5fdf84f9ede523caf5,included,,fit,1581,quarantine
Rice_Leaf_Diease/Rice_Leaf_Diease/train/leaf_blast/more_3984f6eeec2195202ec137988a9e9c9fe88e2cb457ab3388efc521e3473e39a8.jpg,train,leaf_blast,1308,1308,e6ae9a73b36bf2a614f8908866f179b1af85beb099c67198e597c300da8d2f80,included,,fit,1449,quarantine
Rice_Leaf_Diease/Rice_Leaf_Diease/train/leaf_blast/more_3bb499caf4e7b6dead56e0d7634b70a1d430968ce9a7f7806b054188a25a5115.jpg,train,leaf_blast,2340,2340,4dec99d1bcc9c4ba1d7fc32cb86ac3d6abd7582eff2d8cc166cd04943e2c3bdc,included,,validation,1601,quarantine
Rice_Leaf_Diease/Rice_Leaf_Diease/train/leaf_blast/more_4017d803d039947a17cccd81eb0e5274da32917118ed230fa91e165b2129c035.jpg,train,leaf_blast,300,300,ceea75fe2ed2a2bd6cb3a7eb2a08aba4dfd4b987f53bf8920628b2e26dbed514,included,,fit,1719,quarantine
Rice_Leaf_Diease/Rice_Leaf_Diease/train/leaf_blast/more_4271129abfd84e8b018804c68301699441e68ded0ec1b162b97e78a6c2be2530.jpg,train,leaf_blast,1515,1515,0ff10e4de6dad7d47c8a7786eaf33cce737c1bec8f861a2fc164a6edbcf3b430,included,,fit,1402,quarantine
Rice_Leaf_Diease/Rice_Leaf_Diease/train/leaf_blast/more_4445af24c268b825c8123d285a5d501b39d4c676f679cc60fd82f4d0eff623cf.jpg,train,leaf_blast,2604,2604,cbae86a773affa15b20f07a815a4335b38520deea99c3f9a43598fa9d1d86f07,included,,fit,1558,quarantine
Rice_Leaf_Diease/Rice_Leaf_Diease/train/leaf_blast/more_468f8db44305ef3bc03d30346d28ff373e459f528253bfc38f065246b48ed031.jpg,train,leaf_blast,2383,2383,e3cf719f0d973c63df9bb3adda998c2fed701013f2f9db1fb35f42811fe3a543,included,,fit,1613,quarantine
Rice_Leaf_Diease/Rice_Leaf_Diease/train/leaf_blast/more_48f9456222e745e4b6faa25ccd8702ddf3fe109b0c838513875cad7d33791c1a.jpg,train,leaf_blast,3120,3120,46bf6c6d0437cc8aa8bd9546e0a259545b38b1e449648c1950eead74296714a2,included,,fit,1516,quarantine
Rice_Leaf_Diease/Rice_Leaf_Diease/train/leaf_blast/more_49a1ee0fa0bdee4845fef2a09cbfa2f2ba28cdf826b8b9e1be4a75542e1ad210.jpg,train,leaf_blast,2551,2551,37dad708f7ff9ba4283e10a07eb35ffb869a6378785dc7d570509d5a2ff76a00,included,,fit,1413,quarantine
Rice_Leaf_Diease/Rice_Leaf_Diease/train/leaf_blast/more_4b79e82f2bf5064b26d3e982c3c7940cd108cdfd38c819a953354fb1c3ad02c3.jpg,train,leaf_blast,224,224,4f09f9f4d109b6bff67352956f25ae4c626ce3beda1ee0ea91db1d511c0229c7,included,,fit,1685,quarantine
Rice_Leaf_Diease/Rice_Leaf_Diease/train/leaf_blast/more_4e3878ce40efe1774d819b0ceab4266ae3952df51578f9c3900b26e19e520a70.jpg,train,leaf_blast,3120,3120,8c117e17af398a5ec0f098faa98a2b46bb2b3180a030dad4030fe5fec2c3d3b7,included,,fit,1455,quarantine
Rice_Leaf_Diease/Rice_Leaf_Diease/train/leaf_blast/more_56db1d0bb3f49565c70a28b36b160d38f84e9fb98d47a1f0449ec37aa511d702.jpg,train,leaf_blast,2306,2306,ac751ea4fdb1005e8552319ccee067191c466aa38301d7e62dc3f185c7bcfa0b,included,,fit,1600,quarantine
Rice_Leaf_Diease/Rice_Leaf_Diease/train/leaf_blast/more_58fd31825759e3e28ceb33de6cd3e8ad88a15332315bd0d8ec52f78a4d3ce164.jpg,train,leaf_blast,3120,3120,8bbd3674ab398bd73cbd9c3994f5fc9884567cd9547be7a216eb4bc90b49a2eb,included,,fit,1596,quarantine
Rice_Leaf_Diease/Rice_Leaf_Diease/train/leaf_blast/more_5a670805593e3d43437a305d10280a90d99cd9530955a677410400b8bfcdec4e.jpg,train,leaf_blast,3120,3120,34cc43c2e219c3953fcc8d3dd3716761e9eab4b8ccb22b5211f74577fa124377,included,,fit,1388,quarantine
Rice_Leaf_Diease/Rice_Leaf_Diease/train/leaf_blast/more_5cdbba229d83a6e81f26c17bb8261ca1c5dc772a07da648aa6813e9b2bb437b3.jpg,train,leaf_blast,1831,1831,a04d2b088c0d17ceac208610cabb9632817c1bf50ff7ad62e237d8c605d5c58f,included,,fit,1346,quarantine
Rice_Leaf_Diease/Rice_Leaf_Diease/train/leaf_blast/more_5e1d297f9973bf0281f834fc9a5040650804a4628362ffe978a57c4b78c0fe34.jpg,train,leaf_blast,1527,1527,1eee284eb27633490b22fdc107e744c16beba57955dbaf06cd25ffd91303a789,included,,fit,1466,quarantine
Rice_Leaf_Diease/Rice_Leaf_Diease/train/leaf_blast/more_600c3682a464bc4a3f9bf456ff2e3faa9268768376f022090989f8fbf63d1a08.jpg,train,leaf_blast,2051,2051,6e76b512766d70ae542340cb6e591c53688d050805bed5650ca10cefef1843e8,included,,fit,1496,quarantine
Rice_Leaf_Diease/Rice_Leaf_Diease/train/leaf_blast/more_60af12eb2875ec9094fa3e18800909425aebb0abb0202a86c06b885876a3668d.jpg,train,leaf_blast,224,224,386c28548de6951e77e002208a1e56c925f3280f12206c5c41a70c1c160b645c,included,,fit,11158,quarantine
Rice_Leaf_Diease/Rice_Leaf_Diease/train/leaf_blast/more_619762e8bbe1696132927bf1d0ec5f7e0e1a579330f25c163710571d21c7ce4e.jpg,train,leaf_blast,1932,1932,717247618c263a6a0db6908b2e46e94cefd929dc6735035a9f147413d8adebd2,included,,fit,1458,quarantine
Rice_Leaf_Diease/Rice_Leaf_Diease/train/leaf_blast/more_61f15eccb62df6127764c41a508cad689198ebf12b2532bc6681ca227ca11f3e.jpg,train,leaf_blast,224,224,0211515f556a75ad27031661d8f34796fea45b020fde51e101239feeb302bfaa,included,,fit,1763,quarantine
Rice_Leaf_Diease/Rice_Leaf_Diease/train/leaf_blast/more_668a472eebf2b40ac82678888d2bfd1d765e9969555fe79b9db50f22589cc5d4.jpg,train,leaf_blast,1089,1089,f99a2fabd8df0a5e6a0dc4414a42d5064ffab888a11a49675923e82d743f56c2,included,,fit,1532,quarantine
Rice_Leaf_Diease/Rice_Leaf_Diease/train/leaf_blast/more_67c424a1720407ee0434b6b202f9b0d7b0269dfd346358273d7f03e77b29897b.jpg,train,leaf_blast,224,224,51239463a99af3d0c19772132b75439a8fd1f8051982a91eb06632dbf3102a84,included,,fit,1699,quarantine
Rice_Leaf_Diease/Rice_Leaf_Diease/train/leaf_blast/more_6844ec489122ec1d2b7111d149da58a43294a583b192846e887e62017ed08487.jpg,train,leaf_blast,1913,1913,6513943bfe98dc5fb89fe4673fca652f02b4fc5de6a35baeb6496c0deb7d9922,included,,validation,1515,quarantine
Rice_Leaf_Diease/Rice_Leaf_Diease/train/leaf_blast/more_696f9751513bde858c266a8d80f51e0019f9f92e8f84279dff32a35c8075f1b4.jpg,train,leaf_blast,1553,1553,996905e4d04a3888af02195dcc1c7f8690013e80f72a5030d7c5f2785cdd535c,included,,fit,1536,quarantine
Rice_Leaf_Diease/Rice_Leaf_Diease/train/leaf_blast/more_6bab6b19623e31bd39cf2ddba5444bdabd489a34a8df8633c29e3bc4d7bf069a.jpg,train,leaf_blast,300,300,0bc5ab6b810083d0acc498b828c1e3f5ababff34898998f6772e54b56193c9bb,included,,fit,1645,quarantine
Rice_Leaf_Diease/Rice_Leaf_Diease/train/leaf_blast/more_6c872d7c8c16cbc92474f4f58a4dd324f3bda2d558709c295b60b9abe58a0ee4.jpg,train,leaf_blast,1332,1332,984a39baadee283db87eedeb4e7a123553cf2532f4874b6e8e95cf482bc71ae5,included,,fit,1549,quarantine
Rice_Leaf_Diease/Rice_Leaf_Diease/train/leaf_blast/more_6dc29a49886cea5be0d7da81177b027fada9c05a68201ad5e79ffbd2efafa15f.jpg,train,leaf_blast,300,300,71fc2198a9d9382becc10fec19c1e7c317d4e025b427c3dd066b02e2ce94c030,included,,fit,1660,quarantine
Rice_Leaf_Diease/Rice_Leaf_Diease/train/leaf_blast/more_6f04eb1242bb30c49a41ff33cef94c37d9507c9f8aaaaad8e8fa340fc3b891ee.jpg,train,leaf_blast,1435,1435,402e817d100981a95c53ad2c826cd59cdc96820537609f99ff8f5e31f3a2ee5a,included,,fit,1543,quarantine
Rice_Leaf_Diease/Rice_Leaf_Diease/train/leaf_blast/more_6f1109c40606374b0f18567f3a8226518f01c2c27fc457f4088477479334d29a.jpg,train,leaf_blast,1722,1722,88c98c719bc8d4f0d70ca36c42bf994ea71166212603dab666adfa4daff1628e,included,,fit,1502,quarantine
Rice_Leaf_Diease/Rice_Leaf_Diease/train/leaf_blast/more_6ff59dc5775fc23648f1fbb42692f92420abd346d4e939ce93e410c6952e4584.jpg,train,leaf_blast,300,300,5e37cdb0fce0c27f75e7d7a4cee31d9e6c8cb0cb7a79a331b569be81a6dcba12,included,,validation,1785,quarantine
Rice_Leaf_Diease/Rice_Leaf_Diease/train/leaf_blast/more_701db297e5a47770f6015441f902e1ecccf22367b7ccf9ca4074b18d31c5cf9c.jpg,train,leaf_blast,1486,1486,b81536151f28fe24939a233dbbbbeecc822da6555bed65754865af6ea48dfb2e,included,,validation,1397,quarantine
Rice_Leaf_Diease/Rice_Leaf_Diease/train/leaf_blast/more_72cb457431c6b5e8b40d52bf89542c9388d4b3b450cd7dc76af02682597acf8e.jpg,train,leaf_blast,300,300,7f2df3e8480dd910292ca5ef8d56957302b73904f87f83f8b9b0cedee6850135,included,,validation,1685,quarantine
Rice_Leaf_Diease/Rice_Leaf_Diease/train/leaf_blast/more_737a9ca4eee02b1b67197402bf123ccf196e5249f8186580a54f2719c34e0a17.jpg,train,leaf_blast,1781,1781,d4e421ce63f0d07462bdaeceacabf4f6600c9c5c0424757d84bb4d7af60bc3c9,included,,fit,1470,quarantine
Rice_Leaf_Diease/Rice_Leaf_Diease/train/leaf_blast/more_776bd4bad1f1521b59f73285c747c4146f8c7ab0c1bcf4aed563bed8f0362735.jpg,train,leaf_blast,1546,1546,c5ddb83789b8d6e6350aab302d7091bcf36d78d2d0fa44d0a0ed2f4c43152598,included,,validation,1607,quarantine
Rice_Leaf_Diease/Rice_Leaf_Diease/train/leaf_blast/more_77a077a4f4a9d780e955e6420813fc385bd02185a26ecf4ac11c93f7f6abf806.jpg,train,leaf_blast,300,300,615a864b202a43a9c1b44be28adba1162faa5fbf24eacc862c10bed291582b43,included,,fit,1645,quarantine
Rice_Leaf_Diease/Rice_Leaf_Diease/train/leaf_blast/more_7843ca9cf364c25d5e13c0a800523a23e84b57894dbecd603f9a48491149e906.jpg,train,leaf_blast,1097,1097,1456f10b369c94d396411cef46d7a52cc35ebe24cb167abc5575fcbe7bef860d,included,,fit,1335,quarantine
Rice_Leaf_Diease/Rice_Leaf_Diease/train/leaf_blast/more_7888894754589f48119164f07bcd781dcb0a5e6a10e1c40510b3f6232b8689da.jpg,train,leaf_blast,1653,1653,91a23a1138493230e13957340145b3f1fbe866fb5ea56b64c1c0320df3868c1c,included,,fit,1337,quarantine
Rice_Leaf_Diease/Rice_Leaf_Diease/train/leaf_blast/more_7c87cfc44c47640f303d759fe3f0fef8c9767b481af17efc5c15caef8f6e7533.jpg,train,leaf_blast,2557,2557,c57ac677891d6c9a9746d435f104617f8f7b3d55859a794c656e195899443de2,included,,fit,1614,quarantine
Rice_Leaf_Diease/Rice_Leaf_Diease/train/leaf_blast/more_7f0c0ed80ade2d2827494c17e3909a4b1b28c358a9c23ed06365f55502a00a13.jpg,train,leaf_blast,2070,2070,9d375af1a43fd6ef865f0f8510cd08b451a829b6cb797d95b2e712f619dfd6df,included,,fit,1509,quarantine
Rice_Leaf_Diease/Rice_Leaf_Diease/train/leaf_blast/more_7fd55b12d5882a9fa61fcb1d8074d75687356001ff69261ea2a4690dbbe10729.jpg,train,leaf_blast,1370,1370,8b582a5d87dd25fc7b25cd3571275b48f1b5969348b96a84538b30af57cfdf04,included,,fit,1503,quarantine
Rice_Leaf_Diease/Rice_Leaf_Diease/train/leaf_blast/more_84481bcbcea707b0a295cbb9cab9f0b01c77ac1ab363a1a8d4ba1df893243fd4.jpg,train,leaf_blast,3024,3024,f87999954c214575a2ee51dea53c0993512e16d958e0881843841536955a68cc,included,,fit,1406,quarantine
Rice_Leaf_Diease/Rice_Leaf_Diease/train/leaf_blast/more_86f3050cf130b504cf277fea0358ea607f2d13fff4eb4f097d75769e622790b9.jpg,train,leaf_blast,3120,3120,b25c4409734f6aa509cdc528a21eabaeab42f5718fc257fd0c2cdd81d9881587,included,,fit,1451,quarantine
Rice_Leaf_Diease/Rice_Leaf_Diease/train/leaf_blast/more_87be3cbf3d5ea59d65e1378d417404c395ca222744ed9d7d2854d28cc8733da1.jpg,train,leaf_blast,1102,1102,7027e3d8d2020060c668b57f39eb62476e7ab7e13de322db2f916fa86967961d,included,,fit,1563,quarantine
Rice_Leaf_Diease/Rice_Leaf_Diease/train/leaf_blast/more_87c0eb39a1fb596de178d83492ae19ada911a28e1931d29b7797f8f772f3f7a6.jpg,train,leaf_blast,1826,1826,df6b79496bf5bcf9a1966b40d9188cf543e5fbee1005db73afb74f662f232de6,included,,fit,1598,quarantine
Rice_Leaf_Diease/Rice_Leaf_Diease/train/leaf_blast/more_8a6d595f479495a88b05321cf00d399dce9e3c782300f7bc3b12b07c34ae3b3e.jpg,train,leaf_blast,1256,1256,fcd8e6c8ff61e5f5aebe81e15d74aa820c57d5f5faa439e11be08a0798b14497,included,,fit,1493,quarantine
Rice_Leaf_Diease/Rice_Leaf_Diease/train/leaf_blast/more_8b9c131f8bee8f1f9b3510ba783f5c6f9919abfb62d753bc85823df2e28e92fa.jpg,train,leaf_blast,1387,1387,2182f877389ea1c675b819d95489b9b34a995b772a2dc89753a366ff7ed177c2,included,,fit,1555,quarantine
Rice_Leaf_Diease/Rice_Leaf_Diease/train/leaf_blast/more_8d777398551d718bae5c8a60c56f61af954a3dcda68a3a0831cbe51383ab0b6c.jpg,train,leaf_blast,224,224,b218a3037134c4f63c3a3302472295374bfaefdb248bbd97381291521fe7db99,included,,validation,1623,quarantine
Rice_Leaf_Diease/Rice_Leaf_Diease/train/leaf_blast/more_8ead7c3631902a7d3d7d811ad0cf6b9b5ca9a5574a7b77130dc03b60d9374030.jpg,train,leaf_blast,1242,1242,d67f0481826cb85125548b6b101d6c95725174fe60e000a75ea8964a49f2afcf,included,,fit,1340,quarantine
Rice_Leaf_Diease/Rice_Leaf_Diease/train/leaf_blast/more_8ead9474122f50551ceb38fa31791b243134b7b1025868f3e9f48df577924b62.jpg,train,leaf_blast,224,224,c2a8254d184085067f069f0547dcf115919af0ea057dbb443653cf15905c5539,included,,fit,1859,quarantine
Rice_Leaf_Diease/Rice_Leaf_Diease/train/leaf_blast/more_8f987db36ad2740e130dd32d8b453b0171e0359dc6c322490234d766e7846eb8.jpg,train,leaf_blast,1496,1496,f9cb1009fd48fe2539c0dad6266a939ac45ffff286c562fb987e5148d30c3d98,included,,fit,1404,quarantine
Rice_Leaf_Diease/Rice_Leaf_Diease/train/leaf_blast/more_94274e95fc3298c3db0651257f966e27184c8849a410f6b5461f47b3e5532bff.jpg,train,leaf_blast,1960,1960,834d2ef88915395bd8bcbba2824bb92bf1875d07d793e3d70bb83ed07fd94c9e,included,,fit,1463,quarantine
Rice_Leaf_Diease/Rice_Leaf_Diease/train/leaf_blast/more_958ac85f0f0c92f02afdaa0e12752c3a40b7e82d4890a9663435c711b5491175.jpg,train,leaf_blast,3024,3024,0c68c7113d6a6deea6f7d87f52222dddd4ae59618830ed18377b36d74b9fe5af,included,,fit,1405,quarantine
Rice_Leaf_Diease/Rice_Leaf_Diease/train/leaf_blast/more_95f285c7a850857e60ba761ecfb702d078b3b6b35666640744cb817143ff8f90.jpg,train,leaf_blast,1618,1618,d9fe0cf7faf6cd8c4acb8567c907cf154b6a4096c4c6a0eb1a4d7fb805a1e02a,included,,fit,1460,quarantine
Rice_Leaf_Diease/Rice_Leaf_Diease/train/leaf_blast/more_965f542d95282281f16099a5f1f2b077381bbc657437026594bdd7bcd286b420.jpg,train,leaf_blast,1880,1881,9079bcc88a3832c8010ea86ecb3de1ebcb32d284566cdaf2fbb2fa871d956beb,included,,fit,1396,quarantine
Rice_Leaf_Diease/Rice_Leaf_Diease/train/leaf_blast/more_9a0a10d77ae2531ef84e9a697dea98c38e93f22c863fdc4789d2f1b43430665c.jpg,train,leaf_blast,1636,1636,3da8212bb5d7908b4a2fb31b193c2c5e32332052cb23546b2a4c09847fa214f0,included,,fit,1480,quarantine
Rice_Leaf_Diease/Rice_Leaf_Diease/train/leaf_blast/more_9f3d346db6f913f25f081727eb41c3125fa79494d450a5cc9487c6677fda2d4f.jpg,train,leaf_blast,1461,1461,1c16e752c52c6ccdb1e627092429f8fdeaec4220992799988cd157d451a007fa,included,,fit,1608,quarantine
Rice_Leaf_Diease/Rice_Leaf_Diease/train/leaf_blast/more_a0819bae0a64cc82cfb49c02b58547180ace0ab0e6013550ccedb8df596e3168.jpg,train,leaf_blast,2653,2653,93359bf5eec40197b315645afea025cf3989e619e51e2d2cce5c8f6e87ffac77,included,,fit,1559,quarantine
Rice_Leaf_Diease/Rice_Leaf_Diease/train/leaf_blast/more_a21d7345804f75d7f849d4c2d97ca8d06e8a74c3c7e8fad8ebe5fa67f4e41d46.jpg,train,leaf_blast,224,224,599ac9e27074711de8bbb184da80e9fc672ef4d2518db0d56e3111b41a881526,included,,fit,10956,quarantine
Rice_Leaf_Diease/Rice_Leaf_Diease/train/leaf_blast/more_a5efff55446c73e13b36068e661e4d7c59a6f95911bb7019895fea4c28544c34.jpg,train,leaf_blast,1360,1360,b838d190a4c26e33e850669c9fb10f40dfe96e8ee04687a0604e79046209d0d4,included,,fit,1417,quarantine
Rice_Leaf_Diease/Rice_Leaf_Diease/train/leaf_blast/more_a8ce87cbf8aa742677dfa5499ef35f626aa123be00436c673aa17ec784f63df0.jpg,train,leaf_blast,2649,2649,8fde56870f96f8d9975306e7f17ad419dba597860722cede2af3a49132d3fd33,included,,fit,1611,quarantine
Rice_Leaf_Diease/Rice_Leaf_Diease/train/leaf_blast/more_aa5ad89c8afcf374cde23c25f80436da432c725d644bae5cb9342649c660eb7a.jpg,train,leaf_blast,224,224,04cfb59f67d2fdd8f76ba093b5aadb8da293a15b51364ac01e6a9673fa305651,included,,validation,1801,quarantine
Rice_Leaf_Diease/Rice_Leaf_Diease/train/leaf_blast/more_ac8a0bfa1b62d5d3a90069ce07d26f90f7fd4c3055b36fbee6be6d41877fe522.jpg,train,leaf_blast,1200,1600,07af6b06e37472c7d77d7b31cdb0a135cf00ff99e2bfbb05cd32c7682733e6bd,included,,fit,1620,quarantine
Rice_Leaf_Diease/Rice_Leaf_Diease/train/leaf_blast/more_aedda92b3ad3a944887604e7961489d186c40eaf55e09506fd15a4aa84ecc018.jpg,train,leaf_blast,300,300,b12bc24cfc233a8d2bdbf863e360c44b4ca638456f0a03519e20643e9cd12933,included,,validation,1625,quarantine
Rice_Leaf_Diease/Rice_Leaf_Diease/train/leaf_blast/more_afa55052fbb9318bf30f80d38ca4416f5439815119d3ed892b76d39788135cac.jpg,train,leaf_blast,3120,3120,d580b710059bfeb54f84cc01701698d1cae825a2bb3773dc92dea0bb97b3d497,included,,fit,1453,quarantine
Rice_Leaf_Diease/Rice_Leaf_Diease/train/leaf_blast/more_b12975683ac6872851c5a599111c5d026b768b956b6b07ff6c18af8d90331483.jpg,train,leaf_blast,300,300,c47923f30232accdd9d2f441d4e5caae8ac36e5fe06ce84487614eaf18a258d4,included,,fit,1699,quarantine
Rice_Leaf_Diease/Rice_Leaf_Diease/train/leaf_blast/more_b4ae62845fc54b90bec89c0901d9d2ec4a825b93a6a2c6abd986500b9f3b5405.jpg,train,leaf_blast,300,300,50fb6b0f991623b59ba870a0e5eac5bf390689e2f2966f69367fa930c97d1f80,included,,fit,1785,quarantine
Rice_Leaf_Diease/Rice_Leaf_Diease/train/leaf_blast/more_b86f016464635ff9ff53d202febe095ebfdf13005d40b08fe97be9cf2faab037.jpg,train,leaf_blast,300,300,8052b0a2367c5a8b41fc920427f5afc21a4a5d14cd1c85d60d5a9e2d5bdcef79,included,,fit,1753,quarantine
Rice_Leaf_Diease/Rice_Leaf_Diease/train/leaf_blast/more_b8bcfbe3ff0f2d540eed60b7185cdd1e66a58375bd639653140273f9015fdf24.jpg,train,leaf_blast,224,224,f34175cb9347b2731e3c47d9015e056a3db12a86d6658077f06004ea20194711,included,,fit,10813,quarantine
Rice_Leaf_Diease/Rice_Leaf_Diease/train/leaf_blast/more_bbf545b8eb20046ac84c47d50f36024cc1eddda61324d5dda6ebbd6af49f16a5.jpg,train,leaf_blast,838,838,01aeb28bb0f6d2548721cb90aa2a7658cdfc8f9fda63108edd5c393f1f4d6c64,included,,fit,1418,quarantine
Rice_Leaf_Diease/Rice_Leaf_Diease/train/leaf_blast/more_be96230ebb9ccd3a166ae89de56422db306262086dc4d390caa72e8e37a64785.jpg,train,leaf_blast,300,300,5c0d81099c269fea9eba16b31386085de99b1530325b2213e068c879a15ee9e1,included,,fit,10956,quarantine
Rice_Leaf_Diease/Rice_Leaf_Diease/train/leaf_blast/more_c0c10af397b345b2083599b320d2adaf2c0b2890c8fbdb45808fd7573f1cf836.jpg,train,leaf_blast,1881,1880,33717c189e2c895e9d83bfaaec1d4f03f5088ec5a4785d90a9ab459668c08ad8,included,,fit,1585,quarantine
Rice_Leaf_Diease/Rice_Leaf_Diease/train/leaf_blast/more_c1df5e47610ccb920c3a86e6fa5071165eeebea9c16dd9c56c113eb938fdfa90.jpg,train,leaf_blast,1429,1429,216d6b6955e974c194b89833de2f08be1d25888fc5b2cdc14132afaafc8962f5,included,,fit,1487,quarantine
Rice_Leaf_Diease/Rice_Leaf_Diease/train/leaf_blast/more_c4c17f7f1a555e9ba29ffc2a0b1536b5e58fb8347d9c573e0fd677b054ff779a.jpg,train,leaf_blast,2614,2614,4d19a11b99f066785e51aa5cfb09d4d49af7179b05328ae3e81d986d8aa695b0,included,,fit,1561,quarantine
Rice_Leaf_Diease/Rice_Leaf_Diease/train/leaf_blast/more_c56294243e91f6da8bb33b2c9427216f1de62ca97ea2df7ca6ac738254e0715e.jpg,train,leaf_blast,1918,1918,c16e35aeafddf222d7ba321c621123da4abf8fb360e0723f84e393b064fcc1fd,included,,fit,1491,quarantine
Rice_Leaf_Diease/Rice_Leaf_Diease/train/leaf_blast/more_c5711ea9d930290df8bbab929f32cd5605e1461ec697ebc1f2dc99cff1d07019.jpg,train,leaf_blast,2169,2169,8a66004e4db628cc5ad964e15550d2a5aaafd7278eddb146fdde2ce4087d3970,included,,fit,1495,quarantine
Rice_Leaf_Diease/Rice_Leaf_Diease/train/leaf_blast/more_c90dd2dbabdb487c09a9bddaf16ce637f5894de61fb0f726818961621c88bd84.jpg,train,leaf_blast,2428,2428,6adfb627c058781d90764f64f482cfeec1078bd28e610b6955847fbdbbbbeffb,included,,fit,9976,quarantine
Rice_Leaf_Diease/Rice_Leaf_Diease/train/leaf_blast/more_cae8a43f6f5f63b8ea104eeb962dbd5774b1b71b7788344973ffa5e72d1ebc47.jpg,train,leaf_blast,846,846,25628322cada9788423bf401d9e672e51121be1d3e608121d645f7251de54e32,included,,fit,1414,quarantine
Rice_Leaf_Diease/Rice_Leaf_Diease/train/leaf_blast/more_cce5be86afb99c7d4e0bc240372c4823b092dad30326978c6fd96bcff79255fa.jpg,train,leaf_blast,224,224,ac26aea5492ad3e9ecafda1a38c2df6b6a34234c33f97965b1b98fac0d0cca3c,included,,fit,11580,quarantine
Rice_Leaf_Diease/Rice_Leaf_Diease/train/leaf_blast/more_cf5db1c528c670f2e48a5d9396f58486abe763d7af2ecda85f8d9ae9344cf71c.jpg,train,leaf_blast,224,224,b777394273d0c30a12bacb5ef71a4cdfc4877367ca4672571e097e195c31b48d,included,,validation,1720,quarantine
Rice_Leaf_Diease/Rice_Leaf_Diease/train/leaf_blast/more_d01a47634491116f917b733806e6d2a564e9f50cffee677ce792daa9c7a0e9be.jpg,train,leaf_blast,300,300,89cee28b909b6707cb83b59d52e4d6d0d002405385e5d08c78e738837ffd7831,included,,fit,1645,quarantine
Rice_Leaf_Diease/Rice_Leaf_Diease/train/leaf_blast/more_d188c0a48b21fbfafd50630651e1e6d8a15dbfbd908fda94e5e8069a827eb5cf.jpg,train,leaf_blast,1666,1666,737c1706f72168fc3b88d66dc8109177b79ae19e39e212be7aaf94e3814baf64,included,,validation,1510,quarantine
Rice_Leaf_Diease/Rice_Leaf_Diease/train/leaf_blast/more_d1e9fe09cb32a05d221c1687e293b7244b21e25274bd64c1fdfdd2d2c89fe209.jpg,train,leaf_blast,1911,1911,01d6c407ea7f6ea7af7d3e4a8a54a2f9f4d531cd2426ce955741e09c15d713d7,included,,fit,1603,quarantine
Rice_Leaf_Diease/Rice_Leaf_Diease/train/leaf_blast/more_d1f82e58d08c8d2c6e7d9e2efb84c66b70c467f5064ea11401220a54693ca331.jpg,train,leaf_blast,1881,1881,c69762b45728ffcc91b2c759bdbed1796fb300d14ee16e438355f7d08b924854,included,,fit,1618,quarantine
Rice_Leaf_Diease/Rice_Leaf_Diease/train/leaf_blast/more_d20f4205a6f977e14a1c909b1d153d646f378c9d11b4040aee7c83cc2a4f92cc.jpg,train,leaf_blast,300,300,3e817e5e973e2546d3073eca940133c2455c4eccfabbab842ab2dd413baa8582,included,,fit,1699,quarantine
Rice_Leaf_Diease/Rice_Leaf_Diease/train/leaf_blast/more_d2ae2d6f911403ff49e9624a595ec8380d8e5dc6fb747275c0169cdad1f62178.jpg,train,leaf_blast,2229,2229,d00ddd30eb369757fa95611c362662fa44c11f6ad9b29fbbf0f1f7d993d5e435,included,,fit,1383,quarantine
Rice_Leaf_Diease/Rice_Leaf_Diease/train/leaf_blast/more_d358bf5f46d4d700f1134165610704900a3b84a5639c52a377621d5dab97b2c5.jpg,train,leaf_blast,300,300,aa43be9d37c4d38ddeadc126f98d691cb12b62b8023c6c095742b08ab4c39f7b,included,,validation,1719,quarantine
Rice_Leaf_Diease/Rice_Leaf_Diease/train/leaf_blast/more_d656db142cac74534fb92dd23424f59a54b62b978b1d11aa4e2c3c16a9de53d6.jpg,train,leaf_blast,1802,1802,fa8e455c62cabd98edac571f4053fd32d301c75defc008e47acf9fad2fb3b968,included,,fit,1488,quarantine
Rice_Leaf_Diease/Rice_Leaf_Diease/train/leaf_blast/more_d938c9e9c354268c4c552e7a9cee0c8d9e169693fef6f456c8355308794ae24e.jpg,train,leaf_blast,1663,1663,218bbe7f5089b3da2045ead0fe36c74870c4aeb36f9f3c068299b89458747bbd,included,,fit,1576,quarantine
Rice_Leaf_Diease/Rice_Leaf_Diease/train/leaf_blast/more_d9a73ef781df5287567748579490676677f4d217417c59621af22d65cfe15a23.jpg,train,leaf_blast,1881,1881,81be9f1e0b9b2f1394599a94056c53fb22477b153ed257e031cf6aa6de7ada07,included,,fit,1325,quarantine
Rice_Leaf_Diease/Rice_Leaf_Diease/train/leaf_blast/more_d9d26b40866cd7f60a74d0664785af2a691dfa139e0f7d64970d499da3a645b0.jpg,train,leaf_blast,1400,1400,731da3838954081f369b3faa24875cc56505d3886aa7cb4178b9921013f18d37,included,,fit,1393,quarantine
Rice_Leaf_Diease/Rice_Leaf_Diease/train/leaf_blast/more_dafd14d44a376cfc60d4b1583736b7b20dc1cb406b9109a04f01dd8d00d3b807.jpg,train,leaf_blast,1748,1748,1d6b0b43c5ea5c02235fc26d1255210d85b635b1933bf86013ea4ae65253307d,included,,validation,1336,quarantine
Rice_Leaf_Diease/Rice_Leaf_Diease/train/leaf_blast/more_db2c51764862a46fc93a0b19fa621b448e7a95647b475a6f6e9f3c459098c5ca.jpg,train,leaf_blast,1576,1576,901d94c5f701bdfbb56ec9eb4e5145ad39a2411395d04d5e607e4f75f60508c6,included,,fit,1481,quarantine
Rice_Leaf_Diease/Rice_Leaf_Diease/train/leaf_blast/more_db2f048d15c7c3bb53eb3918f510b2c6ea303f379a503c9dee4f1b06f3513f4e.jpg,train,leaf_blast,1762,1762,fbef166aa27ddfcb832f267db736ff7ba302903a41f00b47830169c8d8766fce,included,,fit,1392,quarantine
Rice_Leaf_Diease/Rice_Leaf_Diease/train/leaf_blast/more_dd19bb6f5d8811d79b8c1cd4cf64acbac8d50d3e8774a968b425f6a17f8d2bae.jpg,train,leaf_blast,993,993,35beea0f22b131f538bf6be963fd18ff38415419ca0a326245226347a4ec4b15,included,,validation,1540,quarantine
Rice_Leaf_Diease/Rice_Leaf_Diease/train/leaf_blast/more_e5ebf881ce1eac541233203ecc0e53f9d376475ed3c8d61e3b05ed4081e4c671.jpg,train,leaf_blast,1021,1021,279e93f7a24a6db01e44a76893a0ad0c7c6a6ad31929cc5a59d4b5779baf4d25,included,,fit,1409,quarantine
Rice_Leaf_Diease/Rice_Leaf_Diease/train/leaf_blast/more_e70998a60b72f63a8208344642623caee8a99e70be376ce0a4be06e0d4ab2933.jpg,train,leaf_blast,2436,2436,967b950bc1e08502704c14c683494d2bec333d06d6f91f4394200dbdd237808e,included,,validation,1519,quarantine
Rice_Leaf_Diease/Rice_Leaf_Diease/train/leaf_blast/more_ea33d64f32fd6674b2b3f97067610e0d1359815f0f142eaf610bf4c1946c23a2.jpg,train,leaf_blast,1495,1495,349aaba3f3ecd6b61f3774efc7ced627dc6f3dc23f78826faae3bece2c355ac3,included,,fit,1376,quarantine
Rice_Leaf_Diease/Rice_Leaf_Diease/train/leaf_blast/more_ec0c338a52e0bbcd640c9a8cd0de0ebdda22d81a75f1ac4e4ce4fc96238c1c95.jpg,train,leaf_blast,1640,1640,11ae58253f42b1ae83462b00fc61988a2a9d3cdf034a0fab08cce08b3a45daf7,included,,fit,1500,quarantine
Rice_Leaf_Diease/Rice_Leaf_Diease/train/leaf_blast/more_ee0ee0b5fb8d8569e28de49f8a02eb2d82452ed4913b1349ffb604488369cfa6.jpg,train,leaf_blast,300,300,3066b8b3626609088a1933d9f0a7f35ea94256a44ee76349bc16e82cd7e5838e,included,,fit,1699,quarantine
Rice_Leaf_Diease/Rice_Leaf_Diease/train/leaf_blast/more_ef6e349c9477be304ee56d0e575b28a9796f67373b4bd2e746c269fba20212b4.jpg,train,leaf_blast,1317,1317,8225acf1a9f0f282efed34dfa3fa97a6abeb6bd46e56a8cf010bb5755802912c,included,,fit,1606,quarantine
Rice_Leaf_Diease/Rice_Leaf_Diease/train/leaf_blast/more_efdf59033018e388ea7ad8b542bb77038d86d1631eadbd1d189ac65e6dfa95b7.jpg,train,leaf_blast,1567,1567,45a9c4ee382bc299be091c5ad9ff47e0c3c12932870e612c0f2079b058188581,included,,fit,1398,quarantine
Rice_Leaf_Diease/Rice_Leaf_Diease/train/leaf_blast/more_f0428812de060fa675e8654efe0c85f678f3ee615f0afa770bc54d44171f4aab.jpg,train,leaf_blast,300,300,e57b8d81294c0219f2346e40f9581b1c51e2d46a1835a54f3848d89caf55487d,included,,fit,1645,quarantine
Rice_Leaf_Diease/Rice_Leaf_Diease/train/leaf_blast/more_f20c05e54b24f6cac4eab24329e329b6f6cd78c3b7f811d0e68763e1aef4eaf8.jpg,train,leaf_blast,1384,1384,ce32230f92cc2b9bcbed8be2ac6892b2cf2812c208d29df393aab08da590646e,included,,fit,1572,quarantine
Rice_Leaf_Diease/Rice_Leaf_Diease/train/leaf_blast/more_f56668727be88a786107006325b8f3353e6e4fd8546af33c74b549ff899ae818.jpg,train,leaf_blast,1326,1326,055160d8e571feaa900f36425f1e05cc2980e2aec49fee357ab25fbe08de3be4,included,,validation,1344,quarantine
Rice_Leaf_Diease/Rice_Leaf_Diease/train/leaf_blast/more_f6569a506f1913e95c89e0360e8b235a79431cc8fcf41572054eb53059d7e332.jpg,train,leaf_blast,300,300,9ff4b6c37615e43f93d79a2c9ad94695a496817a4e5fbbf6a687ed85bf2fa0c7,included,,validation,1763,quarantine
Rice_Leaf_Diease/Rice_Leaf_Diease/train/leaf_blast/more_f8a837be6715a5732c8f5e808a158e948b7b4336a1bb9d0c380621b117a06954.jpg,train,leaf_blast,1470,1470,ed3a2cbe43d7585c04ad2c9a08630e33f70494757863782d7a35632268d04efc,included,,fit,1416,quarantine
Rice_Leaf_Diease/Rice_Leaf_Diease/train/leaf_blast/more_fc9a956ebb7a92a72fcfadfba3b509852223c19f3d6a1ce851c0f794fe2c43f0.jpg,train,leaf_blast,1927,1927,e057509f42ab943f15e88437c637a091f59e19be6918b67da286680c77e4232d,included,,fit,1410,quarantine
Rice_Leaf_Diease/Rice_Leaf_Diease/train/leaf_blast/more_fc9caa5b7055228b787a9949eab326fa2fd3f91e7b55943d6f2758e48d006b00.jpg,train,leaf_blast,224,224,64d6874cb3b47516eb2732a8d7664cb0fa8594a6a19d2d4e88551ee83b83d9e2,included,,fit,1625,quarantine
Rice_Leaf_Diease/Rice_Leaf_Diease/train/leaf_blast/more_fe6fa68c70cfcd0381c2a13e700b72180731bfcbef8c1fdf697fac146c8e5d4e.jpg,train,leaf_blast,2095,2095,cc0dbafbc63a7ba5706446466fc11c9e7664150ed1bc684f78d1a80b57873f37,included,,fit,1475,quarantine
