phase,epoch,train_loss,validation_accuracy,validation_macro_f1,seconds
head,1,0.7914562603109516,0.8033625730994152,0.814959790493577,63.70736002922058
head,2,0.6030558637576178,0.8611111111111112,0.8701610726766227,38.228864908218384
head,3,0.5630881180986762,0.8786549707602339,0.8852099190176416,37.42380619049072
finetune,1,0.5451044058427215,0.9035087719298246,0.9095810247994439,67.80887508392334
finetune,2,0.39471525396220386,0.9700292397660819,0.9724437790511156,63.749107122421265
finetune,3,0.35323842664365657,0.972953216374269,0.9754338363374384,64.71009254455566
finetune,4,0.3267237748077605,0.9619883040935673,0.9648924481862349,64.48883271217346
finetune,5,0.31979271411546506,0.9766081871345029,0.9796210424953683,63.65788745880127
finetune,6,0.3056167094327975,0.97953216374269,0.9811726476250511,64.03000354766846
finetune,7,0.3043927336111665,0.9817251461988304,0.9835714636956668,64.9233889579773
finetune,8,0.2976340217574034,0.9853801169590644,0.9874036490389029,65.74775075912476
finetune,9,0.29378149067633785,0.9831871345029239,0.9857053109904262,73.2329957485199
finetune,10,0.29509007779415697,0.9685672514619883,0.9720291373189941,80.9717845916748
finetune,11,0.28870749805355445,0.9744152046783626,0.9772133706727274,53.306110858917236
finetune,12,0.28429697290994227,0.9846491228070176,0.9868209331082725,49.895689249038696
