path,label,predicted,confidence
Rice_Leaf_Diease/Rice_Leaf_Diease/test/brown_spot/brown_spot (107).jpg,brown_spot,rice_blast,0.69802725
Rice_Leaf_Diease/Rice_Leaf_Diease/test/brown_spot/brown_spot (108).jpg,brown_spot,rice_blast,0.9041232
Rice_Leaf_Diease/Rice_Leaf_Diease/test/brown_spot/brown_spot (173).jpg,brown_spot,uncertain,0.48734602
Rice_Leaf_Diease/Rice_Leaf_Diease/test/brown_spot/brown_spot (32).jpg,brown_spot,rice_blast,0.7980176
Rice_Leaf_Diease/Rice_Leaf_Diease/test/brown_spot/brown_spot (64).jpg,brown_spot,rice_blast,0.981073
Rice_Leaf_Diease/Rice_Leaf_Diease/test/brown_spot/IMG_20231014_173237.jpg,brown_spot,uncertain,0.49920493
Rice_Leaf_Diease/Rice_Leaf_Diease/test/brown_spot/IMG_20231014_173242.jpg,brown_spot,rice_blast,0.6651794
Rice_Leaf_Diease/Rice_Leaf_Diease/test/brown_spot/IMG_20231014_173304.jpg,brown_spot,rice_blast,0.6321988
Rice_Leaf_Diease/Rice_Leaf_Diease/test/brown_spot/IMG_20231018_142945.jpg,brown_spot,rice_blast,0.68791544
Rice_Leaf_Diease/Rice_Leaf_Diease/test/healthy/healthy (49).jpg,healthy,rice_blast,0.54404724
Rice_Leaf_Diease/Rice_Leaf_Diease/test/healthy/Healthy_rice_leaf (13).jpg,healthy,uncertain,0.48258862
Rice_Leaf_Diease/Rice_Leaf_Diease/test/healthy/more_0a4ef3dbaafc94c9b4c1f3008637f95c4793e0c33177001ee7244a3b387d91d7.jpg,healthy,rice_blast,0.53619415
Rice_Leaf_Diease/Rice_Leaf_Diease/test/healthy/more_166c24f5fdffa3dd0c3b29c0acbb03d236c92dedfb4521060a9585851d599e68.jpg,healthy,rice_blast,0.582062
Rice_Leaf_Diease/Rice_Leaf_Diease/test/healthy/more_1719f8b0a60ae9f0f834fd260cf7f8cae301cee3269de1cc7e504368dd3ebe14.jpg,healthy,rice_blast,0.8798061
Rice_Leaf_Diease/Rice_Leaf_Diease/test/healthy/more_3584c6fdc448e438e780dd8be22e1f7d5875bfcb2219920c0277e7e0742c9412.jpg,healthy,rice_blast,0.5226605
Rice_Leaf_Diease/Rice_Leaf_Diease/test/healthy/more_5c1c413a533c5ddaa2909e6bf7ffcf3f1bcbad18fb4f471180cabfdc64c1ac30.jpg,healthy,rice_blast,0.9351543
Rice_Leaf_Diease/Rice_Leaf_Diease/test/healthy/more_65c687e37d6c3ef152628cf9486b711fc802197c3b71a1b7724fa6986ecd518a.jpg,healthy,rice_blast,0.6261962
Rice_Leaf_Diease/Rice_Leaf_Diease/test/healthy/more_859aa41eb83019abf505814ea0a6f51dd4a6dc806b54fbb142155e9b35590c6e.jpg,healthy,rice_blast,0.6286196
Rice_Leaf_Diease/Rice_Leaf_Diease/test/healthy/more_a664544ab849c62b0c8aee6c9f49abc87dc2bb0ab85c5499e1eee6511a993942.jpg,healthy,rice_blast,0.5343256
Rice_Leaf_Diease/Rice_Leaf_Diease/test/healthy/more_af0b137e6bfc079ba55109e85aa1f3d349e4bdab3113ba02857b4881570206e7.jpg,healthy,rice_blast,0.73271114
Rice_Leaf_Diease/Rice_Leaf_Diease/test/healthy/more_b1f2c5c18fcbc129932064a8e768d7679765e89eab7ec2533830d31a717f55dd.jpg,healthy,rice_blast,0.58791447
Rice_Leaf_Diease/Rice_Leaf_Diease/test/healthy/more_b7e7a782e45291de09b1e1f6e5cac5b92e55d90f939ac9d11d53ad2d52d27a99.jpg,healthy,rice_blast,0.8131062
Rice_Leaf_Diease/Rice_Leaf_Diease/test/healthy/more_b95d75e942257eeb91d16ad072d9d5b15614d7f681a5c924e0abfe17378b4509.jpg,healthy,rice_blast,0.8392785
Rice_Leaf_Diease/Rice_Leaf_Diease/test/healthy/more_c1fabc59155dcafa4a081ec5f59981924f875e9508abac47d90eb442e89ed0f0.jpg,healthy,rice_blast,0.9158789
Rice_Leaf_Diease/Rice_Leaf_Diease/test/healthy/more_cfc7a952d891151e718b4a51cf8c3354822988d912c89476390dd438a1c911b4.jpg,healthy,rice_blast,0.9246535
Rice_Leaf_Diease/Rice_Leaf_Diease/test/healthy/more_d78bddb5c45927598625e81efbde47997dfe81a57ded858d9c994f5d9242cefb.jpg,healthy,rice_blast,0.8606426
Rice_Leaf_Diease/Rice_Leaf_Diease/test/healthy/more_dee43a86076a13d728bce8d20f6e5e4aceb4516cbdefb389ec964de7a88a6dda.jpg,healthy,rice_blast,0.5928424
Rice_Leaf_Diease/Rice_Leaf_Diease/test/healthy/more_e0a641a13dd66c6b7ed211c2787f225138703e3240c4ba9a4175a81ce7173ca5.jpg,healthy,rice_blast,0.94770306
Rice_Leaf_Diease/Rice_Leaf_Diease/test/healthy/more_f90c1fb6de1435f91f91935637dd9a78cbbdfdf04a2801552a2555e8878a048a.jpg,healthy,rice_blast,0.9189605
Rice_Leaf_Diease/Rice_Leaf_Diease/test/leaf_blast/IMG_20231006_165745.jpg,rice_blast,brown_spot,0.79210556
Rice_Leaf_Diease/Rice_Leaf_Diease/test/leaf_blast/leaf_blast (112).jpg,rice_blast,healthy,0.64060944
Rice_Leaf_Diease/Rice_Leaf_Diease/test/leaf_blast/leaf_blast (272).jpg,rice_blast,healthy,0.6242263
Rice_Leaf_Diease/Rice_Leaf_Diease/test/leaf_blast/more_0a8f878e5de5d23407190238c9379b7822f4c92aab4038eb4a0bc3fab9fd9f49.jpg,rice_blast,uncertain,0.36378258
Rice_Leaf_Diease/Rice_Leaf_Diease/test/leaf_blast/more_0bcce2e1b44f3931c7522b3c4dd2ca511c921cb79335a3639550ff967857b363.jpg,rice_blast,healthy,0.7021008
Rice_Leaf_Diease/Rice_Leaf_Diease/test/leaf_blast/more_2996caa208b9fbc2f24b47b225f3dcf6927b1661ac3dd90006cffd06ade87daa.jpg,rice_blast,sheath_blight,0.80839056
Rice_Leaf_Diease/Rice_Leaf_Diease/test/leaf_blast/more_361b42a803250a68d23abca18898a27a9e2494e4e52046198eb04c9d654f7c1c.jpg,rice_blast,uncertain,0.48821348
Rice_Leaf_Diease/Rice_Leaf_Diease/test/leaf_blast/more_4570423957f6ce4204deb88ecfaf127a2a66c37d8dff07ec867583ebf6a43b05.jpg,rice_blast,healthy,0.9043272
Rice_Leaf_Diease/Rice_Leaf_Diease/test/leaf_blast/more_5d290ffb5051faca42d0782bf9ee763cf9ab6baeb611418fa6b83740ecf970a5.jpg,rice_blast,healthy,0.9581964
Rice_Leaf_Diease/Rice_Leaf_Diease/test/leaf_blast/more_5f282016a2154ee238ad4d5507061ff27ca02fe4e7fc7ccf9c0b25311b0295d1.jpg,rice_blast,healthy,0.8724268
Rice_Leaf_Diease/Rice_Leaf_Diease/test/leaf_blast/more_6be9b70a2f5f61a926f59361db9a2a4be9de6417dc24e0462de26c840284d2cd.jpg,rice_blast,uncertain,0.4871406
Rice_Leaf_Diease/Rice_Leaf_Diease/test/leaf_blast/more_6f0c910a49ec774a9f5b9ab070ae7c4cf157980063ce5bbb26bc232f3b3d0cda.jpg,rice_blast,healthy,0.8020415
Rice_Leaf_Diease/Rice_Leaf_Diease/test/leaf_blast/more_7d98c6a56efac4ec8971a0cd75ee69e909a87d0fcc05719661574923a39bf693.jpg,rice_blast,healthy,0.8397254
Rice_Leaf_Diease/Rice_Leaf_Diease/test/leaf_blast/more_81a94aa043eb821728db7a58ec0c454554c2067be40f3424ec892fa6f7586bef.jpg,rice_blast,healthy,0.92169887
Rice_Leaf_Diease/Rice_Leaf_Diease/test/leaf_blast/more_8aa49264d0d7e6628923ac4c27576bc68f16b3f32eb444b12714774c4f4d34fa.jpg,rice_blast,healthy,0.9464203
Rice_Leaf_Diease/Rice_Leaf_Diease/test/leaf_blast/more_aa22d4585c76611639d600805c821267a9e8a5c1769dea19bc30f7ea9a673e68.jpg,rice_blast,healthy,0.9209251
Rice_Leaf_Diease/Rice_Leaf_Diease/test/leaf_blast/more_bdcf0379ae53ac44e1d2375ad758eaf4b529461fb1c42a88ed68a86bee4b5eec.jpg,rice_blast,healthy,0.63078225
Rice_Leaf_Diease/Rice_Leaf_Diease/test/leaf_blast/more_e3d866b17bd470a5d6550e0e71b8bb8b31517076f47d74e38caabfe8f3b7f0ec.jpg,rice_blast,healthy,0.9412248
Rice_Leaf_Diease/Rice_Leaf_Diease/test/leaf_blast/more_f83416bc80a42147355f24aa850fde251b14f702c4573fe42f39297b29218d29.jpg,rice_blast,healthy,0.75702006
Rice_Leaf_Diease/Rice_Leaf_Diease/test/Sheath Blight/IMG_20231014_173719.jpg,sheath_blight,uncertain,0.47472817
Rice_Leaf_Diease/Rice_Leaf_Diease/test/Sheath Blight/more_5534d427033438834610986dba6e21296b31bdeef514974e912407e224cf9156.jpg,sheath_blight,rice_blast,0.6696462
Rice_Leaf_Diease/Rice_Leaf_Diease/test/Sheath Blight/more_64da6e7f104f85aa6dd33aad28a11cfe347b92c96654cc8802cb30ce28068460.jpg,sheath_blight,rice_blast,0.9463946
Rice_Leaf_Diease/Rice_Leaf_Diease/test/Sheath Blight/more_88f7e113e021e68aa55a804051c79d88087e401f265189ccfdc781283f31ab95.jpg,sheath_blight,rice_blast,0.8749411
Rice_Leaf_Diease/Rice_Leaf_Diease/test/Sheath Blight/more_d03a755535454dd10e7b17c4ff117c85ce4fcaa006d62a3c9c09090734e8edca.jpg,sheath_blight,rice_blast,0.8792781
Rice_Leaf_Diease/Rice_Leaf_Diease/test/Sheath Blight/more_f72d914eb9e1ff73de5e9e82031961d763e8a40abcdd3e3a0f10ca4120ddf465.jpg,sheath_blight,uncertain,0.40612635
